学号,姓名,电话,英语,数学,物理,计算机二级,行数
16891195,严明,19433991161,80,90,52,80,0
17186184,张军凡,19608087595,49,66,98,91,1
17985073,金默立,19755390454,53,57,89,90,2
17216473,郑诗,15971322774,97,91,53,86,3
17490113,施刚,10942244704,85,86,87,88,4
17982821,施默,17139943848,44,95,84,89,5
17534033,柏龙,17284194039,58,61,87,70,6
16763395,秦玲,14579259387,83,93,64,88,7
17734440,水龙立,16448535717,46,81,45,53,8
16680214,陶龙楠,10928129313,61,48,51,60,9
17421745,水默,14035789997,82,47,41,96,10
16949225,姜玲,15893898250,96,58,45,58,11
17703077,曹默,12132979124,77,53,90,55,12
16727642,喻玲玲,12235780357,60,96,93,41,13
16884226,何芳国,15808282790,56,50,54,43,14
17651399,严诗玲,17413999315,62,58,89,82,15
16474286,孔诗,10311709908,78,84,55,93,16
16125889,水明,15048058873,92,70,40,92,17
17722416,王龙,16627622341,100,50,46,75,18
16289124,何欣,15425093862,63,89,71,94,19
16137437,曹玉,13591134423,79,43,75,46,20
16462289,华龙妍,14695317238,54,80,85,78,21
16759557,王龙,19845379613,61,84,41,45,22
16222863,秦刚,16812879449,90,88,90,55,23
16409620,戚靖,10502651140,65,91,51,54,24
17058963,水龙,16375245022,68,69,51,84,25
17802061,陶芳楠,17579544708,90,89,78,84,26
16691211,郑诗国,11748271608,85,91,82,95,27
16716947,秦默国,16748435711,75,93,100,80,28
16601832,喻玲,17613196893,50,78,81,44,29
16594220,王芳楠,17900881137,94,58,55,79,30
17697475,金玲,15374454903,100,62,43,45,31
16135182,曹欣楠,11432526215,87,94,63,94,32
17151708,金玉,15217414349,97,50,55,43,33
16236197,姜诗立,16740170633,70,73,77,68,34
16152762,施刚,18617550546,47,49,100,68,35
17157769,吕默妍,13366633841,79,98,54,51,36
17042354,王刚,14454087036,77,74,73,56,37
17584447,吕欣国,17172319153,84,53,91,42,38
16632354,张军,19218392627,95,84,53,46,39
17947787,张刚,13994927966,65,70,67,80,40
16682191,李芳涵,16504649562,50,85,64,72,41
17684485,何靖,12946544312,62,42,57,88,42
16834724,华欣,14955055520,100,96,99,42,43
16971628,姜欣玲,17213382707,62,89,90,56,44
17625830,喻诗,18827508570,100,96,79,83,45
16743874,柏龙,17472587188,73,64,77,73,46
16939187,何明涵,10663853545,98,54,63,91,47
16299591,谢玉立,17379967793,44,98,72,85,48
16899462,金靖国,19080049094,89,65,94,54,49
17613742,郑默凡,19757877789,96,72,93,41,50
17904427,谢龙立,14064392842,81,56,84,42,51
16651885,金玉妍,15382802766,96,88,100,84,52
16127773,窦芳,15390062494,75,58,74,68,53
17281488,窦玉国,15207534179,76,78,93,84,54
17301065,戚龙,16205407790,67,87,40,76,55
16727498,赵明涵,14590168583,80,40,58,96,56
16741913,金军玲,18143868122,66,76,75,81,57
16009574,陶明,18740517637,89,49,41,71,58
16853157,柏玉,19649618927,98,78,68,52,59
16964215,金靖,13552332467,92,90,95,60,60
16853686,陶诗,18873395717,93,74,62,42,61
17004373,金默,18563571377,41,67,40,51,62
16249699,华芳妍,16719662548,75,41,87,85,63
16119808,张玉,16376516479,88,96,83,40,64
17930939,郑欣国,12515832503,85,54,76,81,65
17027195,窦芳国,10561727685,95,52,74,64,66
16253331,李明凡,15173529778,69,49,83,93,67
16072463,吕芳,13378136444,71,67,41,51,68
16678906,严欣国,12721015342,67,76,48,88,69
16328126,谢龙,13623009971,86,92,52,84,70
17478338,秦芳,13351047675,73,47,86,74,71
16354091,何明涵,18314194206,85,100,94,98,72
17738316,金靖,13418273038,94,69,87,57,73
16181321,姜欣,19208781973,80,42,70,53,74
17608115,窦诗涵,12220168974,41,84,42,97,75
16165703,姜玲立,18954627067,78,62,43,57,76
17154601,张玉,10455354740,51,54,66,87,77
17261109,姜玉,12990789227,62,47,72,52,78
16602023,谢芳,18826873340,68,50,73,69,79
16446640,姜芳立,10596832019,81,45,63,73,80
17535459,张军玲,14872180701,61,66,93,100,81
16046398,王玉,13254256079,63,63,99,74,82
17808844,何芳,11779964982,54,74,57,94,83
16595780,张龙楠,17443929642,81,93,48,94,84
17505006,何玉,13646648383,90,84,48,63,85
17702977,华军,19525725988,88,76,83,73,86
16665473,何欣国,12864005987,49,85,99,79,87
17199790,姜玲,16776356783,54,67,83,40,88
17281451,姜诗妍,15162952601,41,84,68,77,89
16117417,喻欣楠,19832130684,60,96,95,71,90
16705757,邹诗,14130172607,66,62,61,71,91
16788157,秦龙,11589554591,74,96,55,64,92
16130478,王明,15477739839,65,48,59,46,93
17048622,金军涵,18886583714,43,46,97,47,94
16635812,水玲国,12947950407,42,50,89,58,95
17903563,张默,11719066073,84,71,56,94,96
16642207,曹刚,16139758206,92,46,60,57,97
16893982,李明国,18175275019,59,84,62,85,98
17374035,喻军妍,17311761436,65,85,73,88,99
17222848,窦玉立,17770436438,88,89,48,44,100
16639550,谢军,11176837037,45,60,61,59,101
17349455,窦明国,15670299666,93,100,41,92,102
17104398,李诗,14544896846,61,60,72,99,103
16375474,曹默,18119045913,85,89,94,86,104
17331515,华龙立,10947610465,51,48,66,52,105
17466383,水军,17202962187,51,45,51,100,106
16999729,柏默楠,13855727153,40,76,70,93,107
16037295,邹欣,12446865570,97,54,56,73,108
17306508,柏玲国,16057191809,70,61,55,93,109
16965869,秦靖,19796055137,71,85,53,52,110
17580357,何靖玲,17873662884,100,90,52,89,111
17645018,戚玲,17660140709,58,44,76,93,112
17416889,谢龙凡,15987943914,45,94,46,80,113
16894232,王玉妍,17025118520,86,52,76,88,114
16011377,严明凡,16595978653,66,93,65,41,115
17327253,水龙,10268241127,65,43,64,45,116
16775672,施刚立,18397544200,57,100,69,72,117
17761798,水明,14234075658,85,54,44,58,118
17231384,姜玲妍,17098180100,93,54,51,65,119
17547189,窦欣涵,10474249472,40,41,92,66,120
17523152,赵刚立,12148397540,51,58,96,43,121
17285241,姜军,13163044480,83,61,56,78,122
17285780,喻默立,18857958493,65,62,73,42,123
17481111,金军凡,18056068826,100,87,90,95,124
17525733,严诗涵,13561677478,86,93,94,53,125
16355098,邹玉国,13682658725,66,91,99,79,126
17347095,秦欣,15253570623,52,87,43,49,127
17090861,郑默楠,11645709184,84,79,92,60,128
16820928,邹玲,19366582179,96,49,79,77,129
16232785,王玉国,15829474241,89,68,65,44,130
17656820,吕刚,19262626509,86,62,87,80,131
17395378,姜靖,10646339414,55,88,58,70,132
16416338,金刚国,16897696186,64,81,75,85,133
16072955,姜玉涵,12738576945,75,81,88,76,134
17128185,姜诗,15375908984,73,52,50,98,135
16516364,窦欣国,15031052085,100,98,73,51,136
17577944,谢芳立,13327415575,81,61,45,90,137
17059971,吕靖立,18018737654,84,95,48,56,138
17256718,喻默楠,11661722911,54,92,50,98,139
16015522,张诗,12679995268,44,78,60,44,140
16229338,章玲国,12806369103,44,66,98,81,141
16546868,郑龙,11113998789,67,83,79,46,142
16740493,张玲楠,17476085565,71,71,54,49,143
17537576,赵芳涵,13079517271,51,79,49,78,144
17897031,金玲,12558627706,80,52,50,93,145
16564688,姜玉,14010537208,74,84,90,42,146
16745314,水玲国,19867583719,63,91,44,80,147
16553864,何靖国,16672353389,89,83,71,64,148
16453064,施芳,14548499779,87,50,59,47,149
17865836,金玉,13766254707,55,99,50,79,150
17821145,赵玉,13864301447,61,84,84,46,151
17308048,王欣凡,11883230135,92,79,88,68,152
17716728,水靖楠,18856512547,90,63,76,67,153
16465045,邹玉,13065567396,83,100,96,49,154
17918292,金龙国,16140079782,88,64,59,63,155
16018414,邹默涵,19869717843,74,98,70,55,156
16763454,吕欣,17088757821,91,43,42,83,157
17200119,张军,11966547461,58,66,49,87,158
17336479,吕刚妍,16333094501,93,76,76,67,159
17485686,姜默楠,16596401835,89,45,91,40,160
17273775,邹芳,17013137365,81,75,50,40,161
17117963,张玉楠,14939466957,59,69,49,69,162
17314120,赵欣,16368728668,44,82,56,45,163
17634905,喻欣立,13470523153,95,98,84,62,164
16103636,邹军,15912495888,57,58,87,98,165
16516405,张明,18927786643,45,52,75,96,166
16377521,姜刚,10673186399,63,47,79,44,167
17166689,姜欣玲,19745151665,98,96,94,69,168
16604414,金默,15539850108,40,85,63,75,169
17285892,柏玲,12484923879,46,69,41,80,170
16313488,孔欣凡,16888672049,67,95,76,73,171
16858158,郑玉,18751875092,71,82,100,86,172
17358924,孔诗,11589559866,62,92,94,94,173
16411551,孔玲国,14745995763,85,99,82,85,174
16075186,水玲,11334155406,59,62,72,44,175
16781204,王靖妍,12060152866,75,91,71,73,176
17867967,谢欣,11353043808,42,68,64,46,177
16849384,秦靖,14148568137,95,69,81,85,178
16829272,魏默涵,19719862576,75,67,72,96,179
16951064,曹欣,15790247142,62,71,84,83,180
17487592,李诗,14181703857,58,76,84,70,181
16833590,孔芳,15351090041,62,70,58,72,182
17172058,戚玉,10180855162,75,57,61,97,183
16977232,王玲国,17262239720,41,98,98,86,184
17472422,张玉,14122805358,65,73,93,59,185
17690122,吕刚立,14554108760,58,87,60,51,186
16808523,柏明,17202043662,64,42,47,84,187
16100011,吕靖,12136003367,40,88,43,64,188
17781410,戚军涵,18246795253,65,49,83,76,189
16451271,郑龙妍,11279614691,85,94,80,73,190
17545686,华龙,17349072991,44,84,100,72,191
16154276,孔玲国,14561347570,89,92,42,54,192
16656913,金靖,11593045058,77,69,96,60,193
17334422,施靖,12242726679,87,96,81,44,194
17173394,章明玲,10816495890,45,53,41,58,195
16398244,水龙立,19122629016,61,66,79,68,196
16218187,章靖凡,11841680827,79,47,59,82,197
16969944,王靖涵,14732820810,41,73,97,54,198
17860150,邹龙玲,13072383595,98,65,58,80,199
16691743,华芳,14531758015,52,63,86,96,200
17075617,章诗国,12850014215,62,61,91,91,201
17650482,秦玲立,15742749773,95,68,90,53,202
16475994,柏默,11537313398,93,79,90,45,203
16405349,水诗妍,11250547650,60,50,82,51,204
17570353,邹龙国,18212430747,52,71,94,48,205
17493274,何芳玲,13531662730,100,79,78,57,206
16432503,喻欣涵,17513121398,49,83,47,46,207
16808084,窦默立,10857231145,66,83,56,61,208
17305114,孔默楠,12747627831,48,48,79,54,209
16263391,魏玉涵,13382506102,45,94,95,69,210
16712552,陶诗,10221899104,84,89,48,46,211
17399514,吕欣立,16196216123,52,83,98,56,212
16061005,金龙妍,13980029115,68,49,44,99,213
17986936,何军,12210928000,50,46,87,61,214
17694698,水欣,11756758599,60,90,96,60,215
16487446,邹明妍,14401845705,93,56,77,93,216
17176307,张玉楠,18769905783,68,50,52,65,217
17833089,施军,17377356953,61,92,96,65,218
16120302,张欣涵,12074471229,65,81,91,55,219
17752121,张诗国,14788156191,55,47,88,87,220
17228423,孔明,16113339421,62,58,99,46,221
16743392,金玲楠,12130924911,73,75,61,58,222
16890091,陶玉玲,14020736287,62,61,56,95,223
16864213,戚诗玲,19313734029,80,73,98,77,224
17587090,严欣,10669580369,62,67,98,68,225
17490294,何明国,11721313676,76,94,92,82,226
16776216,王诗,10119972391,57,58,44,67,227
16441297,华明涵,17934356577,81,88,49,88,228
17867609,施龙,11189994120,45,63,69,50,229
16430221,王诗国,11001453187,94,67,73,95,230
17725706,金军,18953850539,84,45,69,86,231
16336870,章刚,10937271915,74,64,45,72,232
17432262,何军,17139253561,41,97,84,82,233
17372148,李玉,14490397900,84,77,75,55,234
17240722,曹刚,13880823585,97,42,46,100,235
17633785,章诗,13514898652,81,76,96,77,236
16558226,秦玉,14492907696,92,59,69,81,237
17351036,窦欣妍,12451235247,90,81,72,58,238
16807562,何玉妍,14654132541,45,41,52,80,239
16777353,陶明,14791451953,84,42,84,43,240
16432671,秦芳妍,15916904932,83,64,98,85,241
17603427,孔军玲,11206600488,72,85,64,79,242
16219934,王玲妍,11430033597,78,59,86,41,243
17171046,柏靖,13394062996,43,76,65,54,244
16609498,章欣,19585752396,66,98,68,61,245
17491099,戚玉,11702636537,81,56,80,72,246
16030873,柏靖,14023826744,86,55,94,89,247
16379810,张龙,19913587517,82,47,79,47,248
17688243,张玲玲,13498281673,54,89,59,62,249
17230716,陶明,16687049368,66,66,93,62,250
16942265,吕明妍,18493956860,94,90,52,43,251
16925941,秦芳,17578325734,76,42,79,70,252
17214256,戚欣妍,10959554860,72,47,64,92,253
17143017,郑欣国,12589480247,61,100,84,84,254
17526663,赵刚,17923828572,87,45,52,97,255
16397427,柏玉妍,11938132165,42,53,91,90,256
16661373,曹诗,18007708058,66,84,49,55,257
17450542,张玉妍,14654396543,87,57,88,77,258
16064015,张欣妍,10898409738,53,96,77,41,259
16453458,张默立,14890765176,94,91,54,76,260
17449396,姜龙,17861372756,81,100,49,70,261
16274722,水龙楠,14465454611,76,44,73,66,262
17441801,喻诗,10244775711,57,47,64,54,263
17038197,章默,18472411554,44,69,84,63,264
16787040,章芳,14497824360,60,47,97,71,265
16349563,严明凡,15751323972,86,51,81,85,266
17132170,施明凡,12346553744,54,63,55,41,267
16498452,窦龙,14473679523,47,40,44,87,268
16860772,王靖凡,11658688221,47,78,81,52,269
17199691,邹靖立,15530697423,45,86,98,46,270
16031170,王靖凡,11046786148,96,51,66,77,271
16718816,谢诗涵,10396725347,47,87,54,51,272
17046722,曹芳,15039968178,71,84,59,68,273
16879672,郑刚,16041147513,67,61,95,51,274
16583549,张军涵,12461243440,77,52,42,91,275
17511770,陶明立,14269285368,98,98,50,84,276
16255443,曹芳,12142916761,79,87,62,76,277
17023339,华刚妍,17144437787,44,86,88,77,278
17224228,谢默立,17192265504,97,78,58,54,279
17067301,何诗涵,10082859264,57,100,55,82,280
17181425,魏刚楠,12311588978,74,60,65,66,281
16169876,陶欣楠,13458536535,65,60,82,84,282
17020132,喻芳,12238206608,62,53,65,58,283
16486059,曹默,13298001242,40,41,48,47,284
17742387,何靖,17988667781,95,40,40,72,285
16849459,柏欣,17707029678,87,78,81,58,286
16852064,戚军,16375945963,76,76,55,50,287
16554913,张刚立,10512728335,42,64,87,96,288
17967145,谢默涵,16843057607,91,72,79,57,289
17192265,郑靖,15245506973,51,92,72,71,290
16559866,戚玲楠,14965683862,53,82,95,44,291
17193028,华军国,13840565150,77,65,100,89,292
16220297,金芳玲,15370731412,55,80,47,64,293
16422688,章芳玲,13657503945,65,64,67,62,294
17657804,郑欣,10432407256,81,72,49,74,295
16863460,水军玲,13180461740,89,98,54,60,296
17474927,李玲,15949898212,75,57,69,59,297
17220992,曹诗国,19472948871,66,43,54,42,298
17407432,郑刚妍,16708395734,85,41,50,50,299
16719069,章欣,16627114749,49,54,80,40,300
17440514,喻靖,12701277608,49,57,88,46,301
17247945,章诗玲,17852867737,84,89,64,91,302
16822470,邹玲,13457142110,77,68,40,69,303
17697050,李龙妍,16605291082,99,82,91,91,304
17954525,金诗,19256543973,59,46,97,46,305
17757503,郑诗涵,13138010125,61,74,69,88,306
16503767,柏明,12920390735,54,75,91,47,307
17720989,戚玉,16969077860,49,43,88,63,308
17690412,窦刚楠,12767662880,68,59,76,95,309
17576959,邹龙,14340452622,83,46,78,84,310
17724557,张玉,17243153462,94,91,65,78,311
16103971,水靖玲,14855509909,40,99,100,55,312
17279159,金玉,15298748644,52,65,58,47,313
16922223,严刚,10263764177,41,49,77,80,314
16357616,李芳国,18831073806,94,81,46,85,315
16244159,谢明,15848789131,67,89,40,74,316
16000834,金军,14020712914,54,91,48,61,317
17733939,柏玲,17872124283,44,44,60,72,318
17969386,何诗,19183313983,88,48,51,81,319
16836933,张芳玲,17676020922,46,90,90,49,320
16706756,吕靖,18000716269,85,47,76,74,321
16294203,严玉,19146923905,99,54,44,73,322
16507422,施芳,12766238140,64,88,99,82,323
16277452,邹芳,13541729735,50,60,75,98,324
16571386,窦欣,15716344088,83,59,76,75,325
16750514,何芳,19251168015,89,100,54,46,326
16975277,邹欣涵,10193824388,64,64,79,86,327
17329724,施玉,10592500636,99,56,66,41,328
17838303,李军国,18288136920,89,70,89,61,329
17534776,金玉,15047862775,49,75,100,80,330
17034396,水军楠,15212959780,48,70,50,94,331
16442425,水玲楠,13656933501,92,82,97,75,332
16193693,李刚,17891153248,55,63,100,79,333
17346203,秦芳凡,14494324081,77,47,50,90,334
17189848,郑芳,13955282705,71,83,43,63,335
17721414,柏明,10356231214,94,59,68,88,336
17312703,陶靖楠,16572452795,91,53,62,43,337
16851548,金欣,19387597903,99,73,83,43,338
17982508,王芳涵,14516474369,88,95,92,82,339
17703817,姜欣楠,13915142140,66,81,96,51,340
16392549,吕芳立,13868487597,45,87,95,48,341
17506058,何默,15493549356,60,70,45,75,342
17892389,窦诗楠,19234374691,88,73,61,46,343
16017830,柏欣玲,16723632578,92,100,94,71,344
17305971,赵明,11093854061,73,98,78,92,345
17283590,李玲楠,13738430580,41,44,99,94,346
16667143,柏龙楠,13734400121,77,48,60,60,347
17563701,曹靖,18936582110,88,61,79,44,348
16303453,章明,18790437464,97,41,51,47,349
16301312,戚玉,16790156980,91,58,66,80,350
16316079,李玉,15235485539,99,74,47,45,351
16072869,曹诗玲,18652599932,55,99,78,84,352
16001807,章刚楠,18103374849,86,70,74,76,353
16810984,秦靖楠,14266841014,44,58,51,46,354
16163835,秦靖立,12796814521,86,87,48,43,355
16861800,李靖,13537659243,96,63,84,94,356
17292623,王明,15832864811,86,49,81,71,357
16044263,何玉,17520526749,59,97,84,71,358
16346466,郑诗妍,10704113356,91,68,42,85,359
17838780,戚军国,19054295968,89,95,88,48,360
17553710,窦芳,10575992421,86,80,75,92,361
17558176,水靖楠,16951773409,53,60,96,94,362
17653328,张玲玲,13124122967,62,63,86,67,363
17003926,张刚玲,10054246058,99,42,52,60,364
17804314,施靖妍,15145015161,96,84,55,50,365
16451417,戚靖立,17826366938,58,43,85,59,366
16233113,何芳,18248855679,80,44,65,77,367
17402928,张明,17719721460,47,73,81,91,368
16759056,章靖,19281244612,96,56,92,58,369
17578135,水欣玲,16464105307,52,90,90,90,370
16642368,魏默涵,13775701657,77,90,61,68,371
17130289,张玲国,10650948540,62,92,83,42,372
16136476,张默,18185791346,50,95,66,98,373
17304456,吕欣楠,16926728981,44,74,58,70,374
16899409,赵芳立,15628275263,82,82,58,94,375
17623254,姜芳立,18312892407,80,47,69,99,376
17888802,施诗,19330113916,80,78,66,92,377
16501364,戚军妍,13667041019,45,95,51,62,378
16499140,水玉,12534140586,100,66,73,90,379
16765383,喻诗,15109972247,90,46,72,80,380
17676818,何欣妍,10054139393,80,52,93,44,381
17068074,秦靖,17960420875,70,95,60,48,382
16772459,水军国,17492260351,58,51,63,74,383
16729042,姜军,12771382318,67,42,52,76,384
17815955,王玉,18415702028,97,77,59,66,385
16000209,郑明,12423948291,99,64,82,50,386
17903444,施玉国,11426497708,66,80,88,63,387
16744666,王芳,15437304678,55,50,97,80,388
17326507,窦龙,15817356996,52,80,69,50,389
16334608,张龙,12926772624,98,83,77,60,390
16446417,华玉玲,12809437114,84,82,85,54,391
16148197,严龙,10945949528,73,64,74,78,392
16439775,金玉,14897301624,68,52,47,56,393
17299548,张玉,12064207837,75,48,76,89,394
17078985,严欣,14712528291,100,62,81,79,395
17335186,张诗,17825026958,95,54,88,53,396
16767507,赵默,17449328179,72,63,94,55,397
17872823,邹刚楠,16902988884,55,75,86,71,398
17056883,水军,14693239974,79,76,40,65,399
16512457,王芳楠,13309475301,48,98,55,76,400
17618917,吕诗国,11600164325,96,52,54,56,401
16493098,谢玲妍,14438006450,53,76,44,57,402
16972872,李刚,11040951718,93,59,68,55,403
16365331,郑明涵,10495454111,51,94,79,51,404
17657105,李龙国,12120534803,64,91,82,54,405
17156957,水龙涵,13323690371,62,88,46,50,406
16628326,窦靖凡,17124212505,89,67,69,55,407
17957079,孔龙,19778075772,46,64,54,59,408
17921962,姜默,13548852402,46,49,72,84,409
16571319,柏玲玲,14691401189,80,60,55,58,410
17274577,谢军立,10671356920,66,91,98,100,411
16737808,严诗涵,19804670754,81,54,73,69,412
16363805,曹诗,12270974357,49,90,47,83,413
16676206,魏诗,16937229790,70,92,70,54,414
17937505,郑默,16031102309,56,95,78,72,415
17399751,窦玲,12277583316,83,45,46,49,416
16460655,孔玉涵,11761593154,42,77,47,65,417
16942493,喻龙楠,18864424835,63,94,99,44,418
17043923,华靖妍,13471525743,73,87,83,43,419
17467841,水芳,18090319049,70,75,85,89,420
17500660,曹龙涵,19467574243,72,69,69,78,421
16360713,曹诗玲,17617553700,63,56,40,57,422
16803330,华刚,10025032739,98,74,48,91,423
16749088,张明,16270669496,93,100,92,91,424
16168477,吕玉国,12942926520,63,40,43,70,425
16924349,窦龙立,13059300664,43,87,70,91,426
16627691,严玲立,14043310111,70,74,49,59,427
17165222,赵玲玲,18060530536,100,92,64,90,428
16319596,姜玲楠,18523086679,61,98,89,66,429
16805834,秦军立,16753425433,65,79,70,49,430
17424702,严龙,16115356692,51,49,99,40,431
16882218,张默,19193567721,40,90,87,52,432
17360016,曹军凡,19921158246,87,95,54,78,433
16931413,水默立,14092381025,70,42,96,85,434
16902352,王刚玲,15424903239,97,60,97,92,435
17477828,窦靖,13680930945,65,51,43,70,436
16926167,水欣,13945182445,56,43,99,44,437
17877014,王玲,19819464115,62,48,55,62,438
16811989,姜玉,16964206620,81,81,56,83,439
16378271,陶军,10102703692,69,76,40,53,440
17447691,喻靖,12956837614,71,99,40,59,441
16700347,戚芳立,13578596834,56,62,42,90,442
17605516,喻明涵,16269862694,87,93,45,85,443
17259671,何军国,19657155428,88,68,67,49,444
16802320,华龙,10969895316,99,87,70,60,445
16708124,谢玲,10521060539,46,79,75,98,446
17942744,严欣凡,12161183822,90,73,41,68,447
17045049,金诗,18858981365,58,46,92,71,448
16077060,张明凡,18150591937,41,96,54,74,449
16812381,曹默,19526620076,83,64,53,64,450
17085558,窦军玲,15756652611,93,59,96,59,451
16631808,赵诗涵,18003774420,48,70,98,90,452
16854595,陶玲,17895382918,71,55,49,78,453
16824104,邹军玲,15796170601,46,47,75,46,454
17134436,王玲,19935819446,49,91,99,59,455
16118106,姜靖立,10367199616,75,83,48,67,456
17703102,李军立,13647615117,58,50,81,65,457
16867985,戚芳,19580119408,79,83,97,75,458
16600688,柏玉,19311864417,68,83,86,64,459
17666211,金芳玲,11844368837,85,93,79,94,460
17130231,金玉,14326039417,74,91,44,68,461
16041129,华芳,10283549243,69,55,48,71,462
16911923,喻欣,10189018967,90,91,41,89,463
17617279,章刚,19698531770,40,86,57,51,464
17918301,华明立,19389464719,91,75,89,99,465
16298538,金玲玲,16087487864,72,48,41,91,466
16150477,喻靖凡,13302673090,77,92,61,97,467
17696249,陶龙凡,16589353137,97,80,90,84,468
17760185,孔欣立,13898579371,52,61,57,84,469
17976906,陶芳楠,14615430328,97,50,74,100,470
17308422,施明,19962218044,100,49,87,85,471
17854420,谢默立,19894420280,52,65,97,100,472
16588890,金军,10933273431,65,42,52,79,473
16490681,赵玲国,18566588870,97,76,86,80,474
17373490,严明,12233692430,71,96,62,91,475
17522453,秦玉楠,19123626066,43,73,64,62,476
16290016,张军,11495887015,49,62,83,92,477
17303475,孔刚,19697841357,88,43,81,59,478
16012119,张军楠,10196912382,67,98,96,42,479
17037094,张默凡,18677216706,100,48,66,69,480
17210465,章默玲,10774195781,76,42,58,80,481
16415283,戚诗楠,12266380136,78,44,40,77,482
17863141,孔刚凡,19015125055,91,100,88,97,483
17678673,华诗,15675861330,52,100,58,50,484
17786213,孔明,10568854786,61,79,73,48,485
17726381,严玉,12808424035,74,83,63,42,486
17908935,施刚,14736652071,77,40,98,67,487
17890132,华欣凡,12154303665,49,45,47,50,488
17949249,姜龙涵,13292382535,61,99,83,97,489
17188772,曹默,16172723047,95,75,92,94,490
16576022,孔玉涵,15198613488,85,58,64,67,491
17450296,孔刚,19395425735,56,86,51,95,492
17222827,吕明立,14139682897,90,94,86,49,493
16863277,魏靖楠,12919519469,100,48,92,41,494
16339029,吕龙,18074418970,62,69,58,50,495
16440542,赵龙玲,10322136863,71,100,80,86,496
16147268,王明玲,18592529339,96,90,74,58,497
17692871,邹玲,12837623434,82,76,84,51,498
17495009,姜明,15429610781,77,76,79,97,499
16138014,水默凡,16723964849,67,91,79,44,500
16147582,李玲楠,15257287105,91,86,43,80,501
16966874,章军,11590106364,50,76,97,53,502
16434108,金芳,11163352704,71,89,86,58,503
16989659,张明楠,12639144117,49,53,80,68,504
17322357,吕玉妍,14216498251,79,86,87,51,505
16016915,姜明,12403458387,68,91,95,78,506
17012026,金刚,18850584648,55,52,65,56,507
17879552,柏靖立,18299929158,80,57,57,88,508
16756915,金玲涵,12280746369,94,55,64,92,509
17140216,何欣,13596538249,45,99,95,88,510
17042095,赵刚,18360918943,70,100,96,40,511
17671978,魏玉楠,17539750695,49,76,56,98,512
17371837,孔欣楠,14969433956,81,83,80,45,513
17131070,张默,17014900752,53,53,54,42,514
16190859,柏靖玲,13238020500,84,100,90,77,515
16835416,华龙玲,18241567316,73,48,95,58,516
16817565,王玲国,12176090435,92,91,98,43,517
17285517,姜芳,10914894720,81,100,73,88,518
17581063,戚诗,18217934695,57,46,62,93,519
17849183,戚刚,13608930819,72,44,55,83,520
17187536,严刚,14180485053,69,46,46,89,521
17271252,戚军国,11134753971,65,93,96,94,522
16213523,曹军,19420807222,42,77,62,83,523
16674530,魏军,19478352707,93,58,95,66,524
17508516,孔欣涵,10981810567,56,76,86,55,525
16973120,曹龙,16704023732,88,84,52,74,526
16536368,金靖,13523279013,43,40,67,76,527
16478508,陶玲妍,17123488176,61,93,55,51,528
17169470,柏玉涵,16072809945,41,54,61,65,529
17354559,施刚,13390964917,48,80,100,81,530
17532090,戚玉,15818713430,86,100,69,49,531
16087234,姜欣涵,12463595602,61,92,94,53,532
17073908,章玲,16306479210,66,55,92,97,533
16761173,张欣国,14113690823,91,53,57,87,534
17240574,谢明凡,19886714048,88,52,60,73,535
16955795,金明,12005072129,73,89,49,89,536
17843477,魏欣,14379325937,73,97,80,72,537
17163830,严刚涵,14456085214,67,62,80,52,538
16355830,邹刚凡,17135732786,72,52,42,57,539
17512388,秦玉,15457621505,79,45,81,78,540
17897703,章明,10713403083,65,57,44,91,541
16583078,吕明,13089610183,100,47,49,54,542
16009822,严明,17967188206,85,83,46,64,543
17216969,何玉,12607677854,55,65,43,84,544
17815018,曹明,13641320665,84,56,99,90,545
16761426,邹默国,17387511091,48,60,56,77,546
17243456,张玉国,13855030469,95,64,70,92,547
17213997,秦明国,10056038449,91,96,41,81,548
16563136,窦龙,15780110405,83,46,72,50,549
16786613,孔诗国,15022200211,43,70,64,59,550
17909626,魏默楠,11068709626,79,66,83,52,551
16228018,华诗玲,17803452989,54,92,67,88,552
16045700,赵玉妍,15637903430,78,78,50,66,553
16075343,张明玲,11737950520,73,50,64,98,554
16484987,李明涵,15955027702,47,71,61,60,555
16539903,李玉,15105925465,64,72,98,88,556
16689592,秦芳,17260404713,84,52,87,85,557
16655372,姜欣,14664645321,95,91,82,63,558
16147638,施默涵,12839781536,77,55,74,70,559
17773426,魏明国,14059013131,54,94,54,89,560
16742588,王玲凡,18259601621,44,82,91,65,561
17457843,秦明国,10979448192,94,42,47,67,562
17235185,喻军,18764535227,49,91,43,85,563
16437821,秦龙,15055334066,73,99,72,100,564
16958522,魏欣,14561452859,47,64,91,80,565
17120913,水玉,10362567273,85,93,69,96,566
16873405,何欣,10490630423,80,47,48,71,567
17797834,魏玉楠,19231138298,99,68,89,72,568
16712397,魏军,19065824699,64,99,44,54,569
16063346,谢诗,18151484640,61,100,91,87,570
16225907,魏刚,16801846171,85,68,78,50,571
17144711,华龙玲,13826192269,97,53,82,65,572
17725473,窦玉,10888149755,52,51,90,93,573
16239020,吕军,18596232763,94,79,92,91,574
17404926,水军,18427604605,52,59,71,51,575
17025899,何诗,10510356435,65,87,77,68,576
17571722,华芳立,15376279824,57,89,91,76,577
17471508,曹龙,13471932574,57,94,69,96,578
16357332,张军,11363169231,72,57,99,91,579
16390134,施明玲,17834083305,77,79,53,68,580
17112807,谢刚凡,10744493032,88,87,98,63,581
16392788,施军,11545969434,40,43,45,44,582
16556905,金欣楠,19163128816,80,95,83,63,583
16576247,严明,14692178725,81,53,97,90,584
17402554,曹明,13945306052,67,58,74,82,585
17120474,陶玲,17256840857,49,77,56,95,586
16180819,赵玲玲,16953713226,71,50,57,55,587
16346436,王玲,12488950374,77,45,77,81,588
16281727,窦刚凡,16403894344,65,66,86,60,589
16588624,谢默妍,19492479075,88,51,66,54,590
17734539,章默立,18365179579,60,86,63,55,591
16217961,华默玲,15921225493,50,53,95,85,592
17271362,陶默,19720220717,56,84,40,91,593
16411118,陶默,19744019377,67,82,92,78,594
16905633,魏玲立,15069240952,70,90,67,55,595
17410599,窦军涵,19810752737,42,70,49,80,596
17258419,柏芳,16714252220,79,96,51,67,597
16866978,曹靖,18949337637,65,46,75,58,598
16634890,何芳,10874979730,84,76,74,49,599
16098315,吕靖妍,18017532724,49,40,41,84,600
16860358,章靖妍,11506858775,53,41,56,85,601
16249336,水欣,11564418833,80,78,44,92,602
17280169,孔刚楠,17787658061,53,41,60,94,603
16107849,郑默,19600009908,94,46,49,41,604
16453358,金刚国,15278088358,85,42,43,51,605
16812408,秦玲楠,17720588921,47,63,98,48,606
16740607,谢军,17195946802,43,99,86,80,607
16830530,秦靖,13056357809,63,89,54,50,608
17342567,金默立,19063024411,44,85,75,68,609
17375123,章明国,13513033769,56,98,51,65,610
17043707,郑芳,18049912437,75,55,45,44,611
17222027,吕军,16554188405,63,56,95,61,612
17992979,华刚国,19205423919,94,48,49,60,613
16738222,陶靖,13452066231,61,45,86,84,614
16589424,章芳妍,16511680559,96,97,46,89,615
16417970,曹诗玲,17564660225,70,99,70,87,616
17085275,窦明玲,19850875951,66,46,59,60,617
16267317,谢刚凡,15927653523,94,66,42,100,618
17280476,金龙,12391666009,84,71,76,70,619
17304492,华欣玲,11060931009,45,86,48,60,620
16058328,金欣妍,18600811509,82,99,69,60,621
16245187,金龙凡,14561913545,96,41,41,97,622
16562614,吕明国,18718344357,49,48,51,97,623
16473281,窦刚,12058283345,55,79,89,76,624
16662890,张欣国,14900585771,76,54,68,50,625
17288284,窦刚,10275173450,86,82,48,51,626
16904483,魏靖,13296300884,60,48,63,48,627
16905363,柏玲楠,12732985432,67,70,97,56,628
16174577,姜默国,17072401480,56,90,88,55,629
16750456,王玉妍,16386469831,50,47,48,100,630
16253467,王默国,19665526776,88,65,65,86,631
16103728,邹刚玲,18317965518,62,66,57,89,632
16982058,金玲,14120840508,67,56,85,63,633
17321876,戚欣凡,11829854447,97,71,49,99,634
16146524,何明楠,19854079199,96,54,55,82,635
16258739,金玲,18442316355,62,95,99,92,636
16780640,金军立,17906308030,59,58,58,64,637
16833643,华靖涵,15126000410,65,50,50,71,638
17226578,陶刚妍,10881729715,95,63,59,40,639
17740333,李刚妍,12051405063,82,100,78,97,640
16629175,孔玉国,18320523700,60,69,47,49,641
17493985,华靖玲,11693753011,45,50,81,51,642
17119600,谢诗,16280791637,79,68,71,63,643
16592875,戚刚,13378566260,96,97,74,97,644
16853066,喻诗,17766832800,50,99,65,70,645
16831082,华欣,10957892916,82,46,75,91,646
17681284,柏靖凡,12525581619,43,97,41,61,647
16505548,谢欣楠,15120113580,64,42,74,78,648
16069925,曹芳,14173146582,71,99,59,93,649
16948822,李玉妍,12787352416,48,48,55,90,650
17427169,赵龙凡,19206252914,81,92,48,84,651
17871209,喻默楠,10350378594,44,79,62,52,652
16786060,李明凡,17163983418,62,40,68,63,653
16521423,柏欣楠,13292901661,85,100,51,75,654
16310122,姜靖,18980182847,65,72,60,98,655
16753337,喻龙玲,19765168976,76,74,65,63,656
17777088,张欣,13234147782,92,89,42,51,657
17314464,章靖立,14005620433,82,92,42,48,658
16115424,谢诗,16873715099,68,61,96,92,659
16428990,孔刚立,19705636718,100,82,93,97,660
16707819,金明,11669802876,55,46,89,48,661
16926973,王靖,18096452295,65,46,56,100,662
16585975,姜欣凡,14474158880,100,99,42,43,663
17725297,张军,16948608430,59,66,62,56,664
16729143,邹默,13733330188,56,86,75,58,665
17943104,孔军,17693256638,56,91,42,74,666
17462110,孔靖玲,18865998971,42,41,68,60,667
16637125,华龙妍,18580840119,40,40,72,71,668
17219290,李明,17890483698,50,94,42,78,669
16822988,郑刚,19302352837,63,64,93,78,670
16219822,华诗,13912471752,59,81,81,51,671
16830119,施默楠,15367099743,77,62,96,80,672
16243020,水欣,13824313018,70,61,52,55,673
17400373,张刚凡,19764541105,57,40,78,46,674
17802082,秦靖立,14969309093,63,65,92,71,675
17099896,施默妍,18494997927,86,48,73,90,676
16652718,邹玉,13063423371,76,81,92,55,677
17469053,水军,13799361204,57,74,49,43,678
16960053,郑玲,12931765498,70,50,76,60,679
16914645,郑龙国,12522134742,48,56,69,56,680
16857277,李默楠,12401174875,87,81,87,70,681
17959351,柏靖国,16396691898,62,79,94,67,682
17024277,张军,10157010602,40,68,53,87,683
16439923,邹玲,18456507750,47,48,95,88,684
16698798,张诗,13417915571,95,48,66,41,685
16005446,姜默国,16267688825,45,86,42,80,686
16502574,魏靖国,12755629341,46,89,55,78,687
17987869,王欣,10177343519,73,58,91,63,688
17473935,陶靖,19883420382,64,90,59,75,689
16056677,金玉国,12877920526,64,66,61,83,690
16884589,柏默玲,16948908074,41,68,74,92,691
16299655,邹龙楠,11571756049,42,94,44,44,692
16596782,孔诗,19071983612,50,59,68,41,693
17268067,谢刚凡,10099790568,79,91,88,97,694
17882491,曹靖立,10687694578,86,50,93,46,695
16988665,魏明妍,10460105899,67,44,70,44,696
16981458,金龙,19533160000,98,93,86,64,697
17298611,戚玲,19541579202,84,64,45,68,698
16855667,郑玉凡,12895723196,45,96,43,45,699
16886887,秦军,17384029430,50,97,83,78,700
17011935,邹芳玲,19112796687,66,69,98,70,701
16884385,陶诗,12031195098,42,80,69,61,702
16724463,何欣,15573056124,83,67,80,92,703
16175766,郑刚楠,14528221510,60,84,47,96,704
16103468,华明妍,18245970388,45,82,56,42,705
16999424,王刚国,10607300252,78,81,97,72,706
17636367,李玲楠,17458709453,95,61,68,100,707
17965320,张刚,16005961587,57,59,47,46,708
17653129,戚芳,12581437898,66,40,74,100,709
17589560,郑芳妍,10804552729,66,64,46,74,710
16958199,曹军,17235540278,43,96,45,58,711
16902070,金玲,17583363913,51,98,78,78,712
16725305,孔军涵,12027892082,46,84,70,48,713
17790114,孔芳玲,18047193569,40,71,66,58,714
16757248,章明,15817142925,71,79,64,100,715
16117168,章龙楠,18148667171,68,71,98,99,716
17498278,施龙玲,15734787861,54,85,45,78,717
17528633,赵刚妍,19220326281,92,95,52,95,718
16011315,姜芳国,15991635408,100,95,93,52,719
17586755,施默,18850322894,97,78,73,44,720
16375174,魏默,11591909444,92,91,96,92,721
17112881,金军,10813191422,97,96,81,75,722
17227844,张默凡,12684775620,80,63,60,75,723
16699780,喻玉,13072107622,95,66,56,71,724
16899995,陶龙国,19296196318,85,81,85,43,725
16564386,陶明,10352785880,47,86,66,74,726
16790473,郑刚立,18628119397,72,96,65,98,727
17833413,柏明,19185393279,99,64,42,69,728
17400060,魏诗,12599642195,82,49,51,81,729
17701904,水默涵,19584626386,74,60,70,42,730
16435823,姜诗,17071098195,79,58,46,46,731
16022403,金军凡,18189092555,97,59,54,87,732
17290429,张芳,16094094810,64,80,76,91,733
17136215,喻芳楠,10891335149,59,96,95,85,734
16002242,张玉,13033399768,86,76,48,82,735
16944649,何芳,19164746553,41,49,68,48,736
16606432,秦明,14576754984,44,75,40,92,737
17019534,赵明立,19174345603,63,98,47,77,738
17578726,何龙,11252444357,41,79,95,81,739
17142927,姜芳,12792110072,88,82,86,94,740
16225358,谢欣妍,19655425313,78,42,60,63,741
17531647,金龙立,10487575930,48,47,40,86,742
16445451,柏玉凡,19228615439,80,46,42,69,743
17445826,喻玲国,14838038705,73,96,67,51,744
16085100,何玲,12994254365,67,47,76,61,745
16079727,秦刚,16339616405,81,85,49,76,746
17715866,陶靖,10312538226,97,50,96,63,747
16312248,施默国,15499851938,91,58,53,49,748
16429480,秦诗国,17064010838,50,91,97,88,749
16170459,施刚,18614966136,69,82,80,60,750
16532229,水玉,19510893316,70,65,44,61,751
16538909,李靖,10116875863,41,80,74,69,752
16271245,曹龙楠,11822550084,70,96,42,54,753
17421066,李靖妍,17059617437,100,54,68,61,754
16789910,柏芳立,12419712881,51,73,75,94,755
16364662,水芳妍,19547792206,97,93,54,81,756
17226951,王默涵,12271127874,45,80,95,73,757
16729704,秦靖楠,13937699717,73,61,52,54,758
17762569,章玉,18416450932,74,66,79,69,759
17766755,章诗妍,13146493753,75,53,55,50,760
16869599,金靖楠,19654849833,77,68,96,62,761
16234373,邹军国,11892837248,94,86,91,41,762
17981567,姜诗,11770044073,85,81,49,58,763
17377633,柏诗,10689401488,63,56,84,44,764
16720940,陶龙立,16845536849,90,52,93,88,765
16951301,窦刚,13623499430,71,52,90,85,766
16592448,邹芳,17927854755,40,62,64,94,767
17576212,谢明,13058721178,69,49,44,71,768
16170577,吕欣,18174371201,56,56,52,58,769
17104304,金刚涵,11435685081,58,85,76,46,770
17152355,窦靖涵,18314928607,86,76,85,41,771
17126371,吕龙立,18893474029,56,52,64,85,772
17189694,金明,14888334977,46,74,67,67,773
16773275,邹龙楠,19415755089,45,88,46,76,774
17094805,何玲凡,16430615917,91,49,92,73,775
16381399,陶明凡,14938775652,81,62,79,96,776
16224985,窦欣玲,15115215479,86,46,79,42,777
16729826,华玲,16748422293,45,85,58,57,778
16425785,章玲,16209114268,72,81,43,45,779
17700541,陶靖玲,17632926905,87,62,63,67,780
16507324,戚靖凡,15349089445,54,80,55,48,781
16091340,姜靖涵,14928614360,99,93,62,95,782
16192521,姜欣妍,14816284761,85,68,52,60,783
17257590,柏玉楠,11780168045,90,100,69,84,784
16888856,王军,14876867543,52,54,40,46,785
17199940,赵诗,17170147936,44,44,45,74,786
16775709,姜明玲,16004228106,45,40,64,44,787
17399099,郑默楠,19809206503,88,99,70,75,788
16909421,孔欣,15698821058,80,80,53,47,789
17757145,金默涵,10677448988,48,71,78,80,790
16561758,秦玲,18584593906,57,81,63,64,791
17359584,华刚国,12161444033,77,61,58,68,792
16160022,陶龙,13515639236,43,99,40,69,793
17732568,章靖玲,14296587747,64,73,57,41,794
16146777,何默妍,14320213458,54,87,48,42,795
17508839,赵欣立,14158477421,54,63,94,49,796
16920673,邹龙楠,12961872047,40,79,84,98,797
17921328,秦玉楠,11010182606,58,82,46,72,798
17930409,张靖,11508414721,91,82,93,49,799
16819057,张诗,16842625818,45,75,76,68,800
16490052,章玲,19794797417,66,65,49,84,801
17181147,赵刚涵,10245328303,47,56,49,43,802
17713482,严玉,14437668466,77,47,59,90,803
16296504,孔默妍,15445851612,43,63,77,63,804
17750637,戚明,14370037748,49,62,62,68,805
17362875,魏龙,18291900665,57,94,75,84,806
16773964,金靖凡,12612328370,74,79,88,47,807
16568337,谢玲涵,18876131910,59,92,67,89,808
16485029,王诗,12170194637,43,45,47,62,809
17092579,吕明,14661476945,41,85,66,74,810
16255310,张玲,14924339671,55,63,40,83,811
16306101,曹芳玲,16586669218,63,100,88,48,812
16237516,李龙,19044173525,50,94,51,78,813
17089649,华刚国,17097336688,61,97,99,100,814
17471621,严玲,14861490819,76,79,53,55,815
17349732,张靖,14655357629,87,43,70,62,816
16802239,柏玲,15803943676,82,96,85,96,817
16985920,魏刚凡,16515225249,76,54,55,100,818
17952991,何诗立,14180662148,75,65,53,84,819
17182707,华诗,10508649208,85,96,99,80,820
17664338,张明,15270289155,60,53,50,40,821
17067074,邹芳楠,10989976246,78,45,68,100,822
16613385,曹欣,14514324869,76,45,83,100,823
17994289,章玉涵,14499789026,95,85,43,80,824
17198555,何玲,11933324407,75,74,55,68,825
17407119,孔欣妍,17045651330,42,72,71,40,826
17389699,柏刚,13958510616,85,47,61,44,827
16382166,谢诗,15395077155,75,69,53,41,828
17250981,水军,10081464286,63,99,55,87,829
16180052,魏玲,18891418301,66,69,91,69,830
16770874,魏玲玲,11052526269,71,71,72,45,831
17073243,孔玉玲,18042959926,92,53,87,93,832
16799693,张诗立,14221291915,79,50,83,94,833
16002305,张明,16863676518,56,95,62,57,834
16379036,章玲,12531684553,66,47,69,64,835
16517825,水芳玲,15380994880,43,73,50,45,836
16732393,王欣,11622625792,97,80,89,93,837
16280712,魏芳,17751627296,72,93,87,79,838
17708443,郑龙,10814299140,84,79,77,49,839
17208691,孔明立,15467354236,91,96,72,68,840
17690952,张欣妍,11904510015,42,85,97,58,841
17197925,秦玉,11353169850,66,41,42,99,842
17096218,孔默立,12208142782,54,70,82,57,843
17827387,郑龙,14154120571,70,93,45,56,844
17653152,谢诗,19149540336,83,54,69,65,845
17630243,章芳凡,18404882260,98,54,46,58,846
16553934,水诗,12567609890,69,60,91,42,847
16752258,张诗,11884797202,92,47,42,96,848
16555429,华明国,17682965759,79,65,52,68,849
16884828,严靖妍,16852766986,61,91,41,45,850
16362781,金玲,17080822608,86,50,54,74,851
17118102,吕默凡,11074887164,66,48,48,90,852
17857419,曹玲楠,17134279348,43,78,63,80,853
16429913,吕刚涵,11734470425,99,50,75,89,854
17689632,张刚,17095595195,88,79,42,73,855
17329866,金明妍,14744214042,80,76,91,43,856
17991160,吕玉立,17856592163,77,86,60,43,857
16544181,魏玲国,16152834193,90,64,58,64,858
17232889,戚玲,15381935237,42,46,66,81,859
17502869,戚芳凡,15650292542,98,75,55,41,860
17572366,陶明,13626945543,57,95,70,98,861
17716022,何诗,16823196586,47,87,78,53,862
16413527,孔刚妍,11239862947,92,65,57,75,863
17241980,陶玉玲,15790836818,62,52,95,41,864
17805766,张军,10555925305,74,51,96,88,865
16016725,曹玲国,16949969806,47,82,95,93,866
16894922,孔玉楠,18471358778,76,88,91,51,867
17304169,赵诗妍,19740813769,84,98,82,73,868
17472337,戚玲国,15018077957,93,85,99,95,869
16628908,陶芳玲,15835504525,60,80,86,74,870
16323801,戚军凡,19325284219,45,47,77,46,871
17136413,施靖,10438005283,76,73,75,71,872
17616121,邹芳楠,19930441120,58,67,97,71,873
16667103,严军楠,18456951020,99,45,55,75,874
17197369,严默,11900133370,62,44,50,70,875
17096086,柏刚玲,16299746792,52,65,70,48,876
17895173,魏靖,17837928804,68,75,87,87,877
16894747,魏龙国,14069581821,41,75,52,84,878
16685535,柏明,12253438225,47,85,97,57,879
16102534,华诗妍,19465589406,92,65,81,92,880
17226675,陶军立,17234582700,91,58,97,95,881
16217989,窦军国,13257707407,81,41,75,94,882
17324623,张玉凡,11212493193,52,97,64,90,883
16963393,张龙,16301887959,78,47,50,58,884
16016148,吕明,12103479058,96,47,56,68,885
17506695,严玉凡,13684744665,87,81,72,86,886
16323350,邹靖国,16361359034,90,60,86,59,887
17104895,谢欣,14317390253,44,67,80,44,888
17956915,孔靖,13483201104,60,89,52,62,889
16433635,谢明玲,11113413659,92,61,71,61,890
16801174,曹靖妍,12685094791,47,42,80,46,891
16191035,王诗玲,10946666574,72,79,85,99,892
16931550,何欣凡,11782986570,89,71,80,75,893
17010633,李欣,14812854693,74,65,92,77,894
16307333,谢芳立,12936192319,82,77,70,66,895
17415379,秦龙妍,10924426174,75,90,76,87,896
16300868,张默,12749225641,47,46,71,79,897
17441507,吕龙,16339627116,49,90,63,54,898
16225335,李芳涵,18107674622,93,50,69,55,899
17931919,戚刚,18778444457,49,85,62,54,900
17170730,喻靖,18096784637,95,78,98,97,901
17786476,窦军楠,13381784403,72,86,41,54,902
17107359,戚欣凡,17411940680,90,49,97,66,903
16044963,柏芳,13320869244,97,46,54,41,904
17369476,谢欣,10584966485,47,98,80,58,905
16789384,章刚,16221056108,91,94,94,99,906
17675110,戚默楠,15011825250,84,63,76,56,907
16064274,赵明涵,11046764219,53,80,62,76,908
16853347,魏玉,11794775902,80,57,63,54,909
17151304,张龙楠,17784197948,70,60,53,83,910
17945125,陶刚玲,16910907286,71,92,60,62,911
17030840,谢刚国,18563216773,66,63,79,75,912
16966126,魏玉,17016119298,69,45,57,60,913
16043490,邹芳立,18340645345,81,66,85,62,914
17395494,张欣,15425016592,44,85,44,96,915
17257962,赵龙妍,10138766498,86,97,86,57,916
16179178,金欣凡,10262889125,72,98,72,72,917
17128712,华军楠,11555687603,97,74,51,54,918
16079278,李刚国,15324094772,99,70,54,96,919
16075420,何明,11997999004,62,99,92,95,920
16109959,郑明,16696266572,87,69,58,55,921
16322021,水默,11781904648,80,91,82,71,922
16360569,张明,15190060557,50,58,67,93,923
16385997,邹龙国,15077527645,54,87,96,80,924
17876925,窦明,17270066485,98,42,60,73,925
17279198,水玉涵,13294924032,49,95,47,46,926
16805705,姜刚,19043760039,52,55,90,40,927
16331827,孔芳,14228869393,91,92,74,58,928
16515819,王玲,18811425644,93,72,72,70,929
17416704,金玲涵,17015633962,90,54,46,88,930
17592055,水军立,16866918265,66,45,75,43,931
16104626,张芳玲,10429698421,77,70,73,91,932
17984550,郑刚涵,13974033143,72,65,88,57,933
16777194,秦军,11543491975,82,62,76,45,934
17872966,何默凡,16280367292,42,69,85,70,935
16876625,金龙玲,13042907526,74,85,67,100,936
17856401,谢芳,15191717767,60,82,65,44,937
16326957,吕玉国,11711347283,80,80,75,97,938
17712915,曹芳楠,12655924047,63,44,48,59,939
16827736,秦欣,16318383751,90,66,47,62,940
16196264,施军,10535756869,40,53,58,63,941
17678894,曹玲涵,16200106740,51,43,86,76,942
17907720,水玉,17114639654,79,92,71,40,943
16345286,谢军凡,15329047821,77,79,80,63,944
16438520,郑刚国,12408771772,93,50,98,68,945
16017588,华玲,19256452445,64,81,97,59,946
16395114,秦默涵,13870942755,83,89,86,60,947
17465313,喻欣,17794188315,59,47,61,43,948
16678513,赵玲,18241114955,41,97,74,97,949
17782240,施玉涵,12699501538,100,95,62,95,950
16030423,章靖立,14872418026,94,74,46,72,951
17042666,柏芳,12370236348,58,100,72,91,952
16814921,金诗,17896267083,65,63,97,71,953
17890280,王诗,13001279347,43,85,84,76,954
16983438,华默,15186415894,100,73,63,67,955
16235722,华玲立,19109749445,89,81,80,54,956
17871939,何玉玲,14811297912,89,45,57,68,957
17710474,曹芳,14231342861,58,83,69,67,958
17801833,陶芳,14790789380,84,45,89,56,959
17021244,赵诗立,16818718114,57,86,84,45,960
17761744,金诗,13029994127,53,61,67,55,961
17395510,金军,10861625067,55,92,49,64,962
16969283,李靖涵,17161163320,73,95,98,96,963
17693006,章欣凡,10820596348,66,49,77,59,964
17050239,喻玲国,13265370229,78,93,95,89,965
17438983,吕玲玲,10838897717,60,94,56,58,966
17796698,陶玲玲,10451057117,55,65,45,89,967
16744332,何靖,18537565577,46,74,47,71,968
17445501,金默玲,14737518162,61,63,83,41,969
17144440,华诗妍,12873247248,44,80,89,58,970
17756688,喻玲涵,19041343724,90,89,97,51,971
16249776,金诗,17421684713,62,46,71,100,972
17360079,李玉楠,10015820168,65,40,81,96,973
17605847,秦靖涵,13611452666,91,53,42,48,974
17362028,邹玲,16814837967,88,94,67,69,975
17578619,曹明,19967619115,60,69,81,45,976
16600275,秦刚涵,17442367129,80,64,85,98,977
17947255,谢玲,13931384611,89,100,96,73,978
16859844,喻欣,12438800201,55,53,91,50,979
16815669,喻诗凡,18542873944,64,85,61,74,980
16344284,陶靖,10416358612,85,84,84,84,981
16370496,章欣楠,16280058637,54,92,93,76,982
16454230,水芳,15741855349,50,90,90,70,983
16567446,吕默,14956178930,70,98,84,98,984
16897705,李龙,11541525911,94,77,52,60,985
17791377,姜默凡,18111110370,79,72,54,78,986
16205906,窦明立,10072864012,65,58,79,71,987
17482730,严默,16275712981,87,42,71,72,988
17720407,姜玲妍,15642777113,52,99,73,100,989
16689641,郑靖,12870168311,71,40,90,88,990
17878213,王玲,13145042277,81,63,86,50,991
16316021,王刚涵,15046762325,74,52,72,86,992
17023143,郑玲凡,16634345474,58,72,73,55,993
17506883,华默,14953005711,80,82,97,66,994
16931775,陶诗,10727590673,47,90,82,54,995
16251450,章明,11553084246,66,81,49,48,996
17933177,曹明,10438597370,43,76,83,65,997
17687777,李明涵,13524964185,55,42,77,48,998
17269680,戚刚立,14952876449,60,70,43,91,999
17926823,施玲涵,13172170444,69,43,69,62,1000
16996995,秦军,17747995553,56,63,65,66,1001
17277510,华默玲,10854013000,47,52,49,78,1002
16593762,李芳,13169615616,92,81,69,99,1003
16567342,水靖,12539189199,82,63,43,77,1004
16095078,邹玲,10588534683,55,57,57,99,1005
17338337,章玲,16200109939,80,84,44,45,1006
16962140,水玉,19125605809,45,88,56,72,1007
17758811,水欣,17097720715,80,81,48,65,1008
16438526,李默凡,13929972554,72,42,62,60,1009
16500620,秦欣国,15723679140,40,71,100,49,1010
17229439,李玲玲,15550691292,87,47,81,56,1011
17815475,章军,19497831440,47,70,94,86,1012
16144827,水军国,10494276823,42,63,45,66,1013
17726056,章芳涵,19625357132,64,64,57,95,1014
17364263,华刚妍,13311848998,90,47,64,88,1015
16915521,谢诗,14937836968,47,74,47,86,1016
17802873,何芳,15853321308,93,52,75,98,1017
17779696,张玲,15600562716,42,53,77,83,1018
17423871,魏芳涵,13863990778,41,95,67,78,1019
17953208,姜玲,12570381183,95,51,89,98,1020
16758424,窦欣玲,13946196614,83,95,50,79,1021
17370022,曹诗,14970697615,50,72,77,78,1022
17953475,姜欣妍,19507905446,42,79,40,76,1023
16172363,窦诗国,19444644115,56,73,73,89,1024
17226386,陶诗,15884626084,70,79,98,66,1025
17083657,金诗,11596604222,66,92,72,61,1026
17719113,曹欣,17924397135,98,80,68,92,1027
16540347,柏欣,18193989964,80,97,69,66,1028
16755199,章玉妍,10296194460,71,81,43,87,1029
16373089,窦芳凡,16080915319,65,62,77,50,1030
17353452,施龙涵,10161684192,47,41,75,65,1031
16899343,金默凡,11932655547,40,79,65,64,1032
16530003,何靖妍,18807422336,80,77,98,56,1033
16250064,窦玲,11714020231,97,96,64,47,1034
17385778,金靖,19606450687,74,88,97,46,1035
17537415,吕默,17391738317,83,75,63,44,1036
17063023,张诗,13656773619,51,42,47,58,1037
17657750,喻龙玲,17204555733,99,50,99,55,1038
16450318,柏龙,13021920802,54,99,48,43,1039
17812728,魏芳,15646179322,69,87,48,68,1040
17748738,戚玲,11154022271,83,53,60,88,1041
16581815,谢军国,13618843829,69,47,75,50,1042
16236129,谢默,13278827997,69,42,95,71,1043
17186727,戚默玲,11955946779,84,97,75,55,1044
17226103,秦玲凡,15552842405,58,67,78,90,1045
17321630,喻欣,10443971544,54,71,95,67,1046
17711707,柏欣,15890427363,69,76,51,47,1047
16588169,秦刚,15149000586,59,71,88,96,1048
16628152,曹玲立,12909883323,78,44,57,65,1049
17839063,华军玲,12151181065,94,88,58,54,1050
16401867,谢明,18943217141,97,76,65,95,1051
17610170,张玲,11536533978,51,57,61,96,1052
17897128,吕刚,17189725369,76,82,46,99,1053
16799270,郑芳涵,18873973232,79,54,54,49,1054
16889819,姜明凡,17359221368,64,68,61,77,1055
16259183,严刚,11514489909,78,61,100,80,1056
16359158,王欣立,16856430805,87,86,87,94,1057
17897947,郑玲,17655575000,80,74,93,43,1058
17449379,吕玲楠,11159490144,89,60,83,92,1059
16739021,戚靖,14666159684,64,79,65,85,1060
17496561,吕靖凡,17989576326,80,99,44,57,1061
16456423,窦欣涵,18809075844,43,88,69,54,1062
16847049,张玉,14444184782,56,40,96,87,1063
17080878,戚默涵,10256864892,56,80,87,98,1064
17639819,柏默,13707549286,92,96,63,89,1065
16086133,华玉,18808655100,98,86,58,75,1066
17210140,华默立,12892521348,47,41,84,86,1067
16642768,何军凡,15882834362,47,45,70,90,1068
17054948,孔靖,17830545818,56,51,71,41,1069
17759444,金芳凡,16764741899,91,96,41,99,1070
17334220,戚玉楠,10173362733,58,95,87,85,1071
17031361,陶芳,16288992170,76,42,69,49,1072
17692454,章军玲,13374278693,43,52,93,60,1073
17621226,戚军,14126363092,55,75,87,54,1074
17931123,吕靖,12633149213,64,55,76,58,1075
17235700,金龙妍,17382110306,52,49,59,58,1076
17592263,姜欣立,19332009120,54,43,77,85,1077
16472363,姜欣,14756397052,75,73,40,84,1078
17449442,张靖,19012383009,82,86,63,97,1079
17243142,谢默,18049414442,61,57,91,60,1080
17626030,谢明凡,16353523044,62,73,50,98,1081
16806553,吕刚国,10200649036,71,40,46,42,1082
16251096,施军玲,18537387686,50,57,96,56,1083
16228024,何玲,11062072202,68,66,74,66,1084
16389121,陶默国,17880246201,53,88,89,46,1085
17973892,郑刚楠,11299191083,58,55,49,41,1086
17918529,张芳,16980103132,58,88,48,98,1087
17905491,柏默,13713463269,66,61,68,91,1088
17136042,陶诗凡,19454954947,45,65,41,41,1089
17988599,戚军,17127991765,78,93,98,76,1090
17309836,李刚,14743013182,48,95,41,71,1091
17823487,喻芳立,17349020261,95,93,67,100,1092
17171696,章刚凡,13474469922,63,41,100,87,1093
17781306,孔刚,15997984483,55,65,66,79,1094
16043984,章龙,18617303523,56,70,59,83,1095
16253890,华默凡,19592053564,55,56,85,47,1096
16833104,李军凡,12298085513,62,59,98,88,1097
16512453,金欣国,15546832911,62,97,73,100,1098
16747160,吕靖,12546344415,89,75,90,72,1099
17681807,邹芳,10900301400,63,94,46,63,1100
17285482,郑龙楠,10147969572,90,66,56,67,1101
16836554,姜刚涵,13694040103,48,42,96,72,1102
16329235,施靖,15411598609,46,67,49,95,1103
16414463,窦刚,11148083697,49,48,76,88,1104
16161283,水靖,12539520450,61,91,62,67,1105
16539565,严靖玲,13354566189,82,91,57,94,1106
17897038,谢玲,18346787016,42,79,56,63,1107
16476685,姜玲凡,14239941300,72,94,93,75,1108
16524053,金龙,19215324066,66,76,55,43,1109
16260912,李刚,13834932889,68,88,47,71,1110
17486438,姜诗,10161180789,47,41,49,72,1111
17975330,李靖楠,16812075722,76,99,100,72,1112
16538338,章军,19742343254,89,81,56,94,1113
16616793,严龙,10955713267,41,85,89,48,1114
16512649,金玲,19703752532,55,86,66,52,1115
17194292,陶欣涵,12612448052,97,48,64,67,1116
17181993,窦玲,16093833372,65,75,40,98,1117
17579035,柏玉,17179485798,91,57,57,93,1118
17781545,金军,18928306775,74,66,83,63,1119
16546161,吕明涵,15804418878,72,85,92,61,1120
17317271,喻刚妍,12683957449,73,92,53,66,1121
17219806,戚玲,17414638470,66,75,83,53,1122
16804925,陶诗,14964542453,67,41,62,46,1123
16718887,何靖,19820374320,51,45,40,88,1124
16669956,吕军,18043497813,65,90,58,67,1125
17665819,柏玲,12883629729,48,55,87,69,1126
16456570,吕刚,19587037788,68,45,52,73,1127
16438802,章龙,19266282028,54,67,98,85,1128
17808111,曹默妍,14962353583,93,70,61,77,1129
17997531,姜诗,12871334614,55,88,69,80,1130
16163692,水龙,10661500503,96,69,58,75,1131
16696717,谢明,10476286403,53,47,84,42,1132
17850903,华军,11347189445,47,77,75,47,1133
16256773,华龙,10659233448,40,90,53,58,1134
16250054,窦军,14265447959,55,49,73,89,1135
16704921,水龙,15758203926,60,69,83,73,1136
17240935,魏靖,15385370038,45,90,61,61,1137
16863504,喻芳,16356763618,77,59,42,96,1138
16373411,郑欣,13751743218,49,71,52,49,1139
17601573,金玉,19952090055,93,86,87,58,1140
16889906,窦明,18232734509,62,69,56,72,1141
16441661,谢明楠,18671103429,91,66,40,97,1142
16616949,赵芳涵,10432451758,42,45,65,90,1143
16173926,姜龙妍,10647784122,60,73,69,49,1144
17435323,李明,15886856332,60,77,48,87,1145
16069485,严默,10150208278,84,47,72,99,1146
17197195,魏明妍,10495148486,80,60,63,67,1147
17050685,章欣凡,16762895088,62,97,41,78,1148
17187280,张芳,15596089873,68,48,43,100,1149
16787900,李玲楠,10149695093,49,78,75,91,1150
17249658,张诗,19302236140,42,79,45,55,1151
17478999,张诗,12889239328,95,41,86,75,1152
17481383,赵欣,12175019720,70,83,82,98,1153
16677057,严默立,14428910039,52,56,84,88,1154
17700572,郑军,16406185338,51,94,49,100,1155
17720035,赵诗,11856720303,54,55,52,44,1156
16686285,柏龙楠,14379851049,91,44,56,90,1157
17864806,赵玲凡,17324219524,80,97,88,100,1158
16563135,柏军,15550810705,51,93,73,91,1159
16559646,窦芳,10796886320,95,66,85,50,1160
16778772,吕欣,16254779257,64,53,41,79,1161
17428040,华龙涵,14572637754,77,51,96,76,1162
16006694,赵明国,18635381989,75,41,87,70,1163
17220983,赵欣,17057161325,44,82,62,100,1164
17774792,严欣,19027901656,100,83,54,79,1165
17224973,严欣妍,18437443258,74,73,98,77,1166
16266282,吕龙,15695291998,43,58,84,80,1167
17915220,戚军国,18896008796,79,54,56,77,1168
16829993,张明,17798515725,92,41,94,55,1169
17216122,华玲,10574137244,84,86,49,81,1170
17195251,水军,18641229634,76,47,81,47,1171
17093932,秦玲,15837864960,56,48,90,58,1172
16238542,邹军,13402354308,82,89,100,89,1173
17954061,陶刚,19607339292,68,63,66,74,1174
16904187,王芳妍,10374037580,95,88,66,88,1175
16138819,窦玉,14575576857,66,61,47,62,1176
16823523,孔龙,18832654114,84,58,91,40,1177
17719859,严默国,19042171279,59,92,100,60,1178
17830023,郑玉,18152565006,72,93,57,62,1179
17905664,何玉妍,12330349954,87,97,87,86,1180
16042437,魏龙,17164829639,62,67,63,54,1181
17598042,赵刚,11953842114,64,86,71,96,1182
16112050,赵芳,18145660625,75,49,81,54,1183
16124233,郑靖国,12331990092,68,92,96,55,1184
17711620,谢玲楠,12843910302,49,76,74,46,1185
17200875,张龙涵,13924657689,88,63,47,46,1186
16450907,谢欣,12060908080,79,79,64,70,1187
17435352,金芳,14120348564,81,59,53,67,1188
16198465,孔玲妍,17701389352,82,72,42,72,1189
16461708,柏龙立,17404631076,79,90,60,50,1190
16668473,姜军,13128916860,52,76,62,61,1191
17404092,金军,15315106717,51,56,88,68,1192
16007132,邹刚凡,17199997609,76,91,72,96,1193
16521670,华刚玲,12318411815,48,86,67,59,1194
16665006,张欣涵,11568670446,41,60,47,58,1195
17518179,窦军,10072760040,67,56,78,75,1196
16455052,何芳凡,13719983971,79,68,68,85,1197
17206977,施芳,10404000662,81,78,70,90,1198
16247810,柏玲涵,13029440210,51,75,61,74,1199
16475333,王龙国,13768991130,70,43,60,84,1200
17480868,王芳国,12499239915,77,52,77,65,1201
17257656,施芳,19990852863,47,80,77,55,1202
17516427,邹军,11009566213,66,76,77,80,1203
17367126,赵靖,14156690343,48,76,67,68,1204
16764547,姜靖凡,13704826423,91,41,51,59,1205
17657772,施默国,10748694754,55,78,40,70,1206
17378011,华诗,16010801761,78,97,45,68,1207
17676949,秦欣玲,18913638843,100,57,51,63,1208
16460532,吕默涵,10066089076,67,60,68,69,1209
16451708,章靖凡,17084451848,53,52,46,94,1210
17800077,曹龙,13737909047,81,59,60,75,1211
17523967,姜龙楠,16959541705,57,97,41,42,1212
17321417,严芳,13090374004,95,65,71,91,1213
16331583,金玉,16400511805,86,68,100,43,1214
17085272,邹欣立,11721294166,56,94,57,61,1215
17847801,章欣,17504751157,73,99,80,43,1216
17578121,喻默凡,19223949277,94,71,79,48,1217
16458717,章欣,16889605923,96,95,54,80,1218
17849380,邹明玲,12674197050,45,52,94,40,1219
16102180,施明立,11142780651,52,62,89,43,1220
16706885,华玲,12208469730,66,55,99,69,1221
16651263,吕刚,13482898360,54,52,67,84,1222
16152336,王龙,18753029236,99,59,84,49,1223
16656559,金靖,11094130387,98,71,95,90,1224
17731052,吕玉凡,12787331820,69,41,74,93,1225
17325836,何明,15664550103,93,64,80,100,1226
16095010,华诗,11929973550,45,41,54,93,1227
17963138,金玉妍,11537878715,81,97,86,64,1228
16571969,水诗妍,11054669415,86,88,43,85,1229
17221386,柏芳凡,18571415009,96,59,42,55,1230
17922405,郑刚凡,17303188414,74,57,70,40,1231
16299791,柏军,10349589692,87,61,95,97,1232
17861048,张玉立,12905698669,77,60,95,84,1233
17664408,金玉玲,15717041076,81,90,94,75,1234
16929398,陶刚涵,14581562713,71,71,99,91,1235
17818073,张芳涵,18072980360,43,81,75,42,1236
17306589,水芳,14141666411,60,47,60,98,1237
16386314,张芳凡,15669873798,45,82,51,78,1238
17128119,窦军,12144471721,76,51,57,82,1239
16478705,张明,12329998197,52,98,87,90,1240
17297601,施玲,13759534718,72,40,89,40,1241
17856901,华龙,15044178525,96,72,72,79,1242
16066365,邹芳立,14185172801,50,51,57,53,1243
16448740,秦玉国,14299355850,61,70,80,69,1244
17119444,郑诗,17755787971,93,45,88,60,1245
17636417,谢军,11577416791,94,70,68,53,1246
16741108,金诗国,13289189263,43,57,84,43,1247
17845141,章玲,17301513043,57,70,59,94,1248
16907112,柏明楠,19673968270,65,55,87,61,1249
17990598,华诗,11177138579,74,89,53,49,1250
17655204,张默,19347837143,90,95,82,69,1251
17097493,金刚楠,15205253518,41,62,77,83,1252
16532242,陶龙立,10851133072,92,58,43,49,1253
17056914,章默,15403950975,93,87,97,64,1254
17949832,戚明凡,13492610700,62,75,56,81,1255
17206279,王刚,17553332611,98,50,68,94,1256
17426987,曹默,10277529187,44,77,73,70,1257
16858378,赵龙楠,14059992223,73,56,70,89,1258
17042688,华默玲,15445218754,63,100,88,90,1259
17766691,吕玲玲,13700407529,75,74,72,98,1260
17728603,姜明,18217338251,84,75,58,57,1261
17449727,王诗,13104568494,74,54,42,47,1262
16052875,秦芳国,14832015062,73,58,56,55,1263
16421034,陶明,14788805572,52,90,73,62,1264
16365308,姜芳,12368813456,83,76,49,74,1265
16437226,谢龙国,19648500550,85,42,77,44,1266
17942209,华龙,16349653720,71,87,96,70,1267
16305209,窦龙,15120273640,65,63,61,95,1268
17232384,施玉国,11667972686,80,48,66,81,1269
16884530,窦诗,15951602858,62,53,61,58,1270
16191970,赵芳涵,16910570618,91,93,55,70,1271
16053673,水芳涵,18501739866,96,90,71,73,1272
17701465,喻玉,18615652899,49,97,64,68,1273
16495218,金玉,16869792706,82,46,54,69,1274
16735761,魏欣凡,19872466114,82,88,69,63,1275
17613047,张龙,18352074290,92,78,88,67,1276
16050646,金龙,15912136106,100,68,73,44,1277
17001691,李靖凡,11100618238,85,94,42,59,1278
17823048,郑诗,14457180248,68,99,43,88,1279
17730939,喻玉,16222373547,88,66,78,51,1280
16555039,喻默妍,11130359744,55,57,45,75,1281
16290374,赵诗,13509428820,56,58,48,97,1282
17256270,王龙,11784043645,52,60,40,57,1283
16232876,姜诗,16901116791,42,47,49,81,1284
17610294,秦玉凡,18274598819,86,46,57,46,1285
16903859,邹刚,10395100184,43,68,59,44,1286
16355910,戚芳凡,13939441296,46,79,62,56,1287
17239260,金龙立,12095080910,62,71,83,74,1288
16539321,郑玉,10624645756,51,57,58,47,1289
17954451,章芳玲,11964265608,76,93,80,44,1290
16984598,邹欣立,10820764216,49,62,63,99,1291
17209791,秦芳国,10911953553,97,94,49,94,1292
17289979,邹军,18781965415,62,89,46,63,1293
17597690,华诗,16705248895,99,98,71,65,1294
17480192,秦诗,16322457656,100,87,42,76,1295
16527904,魏明楠,11412891243,77,68,92,62,1296
17617441,金明国,16282518801,52,41,69,47,1297
16122675,柏明,18846748809,71,58,50,94,1298
16843368,柏龙,15315654296,63,75,98,97,1299
17964442,施玲楠,13592098663,71,100,63,93,1300
17788273,李龙国,17416759960,91,73,41,73,1301
16523643,张欣,12575288260,61,88,69,52,1302
17866916,郑龙,14681768034,47,49,49,47,1303
16771395,何玲楠,12525640947,55,41,93,41,1304
17207801,喻芳立,19625006674,61,65,46,88,1305
16237377,水欣楠,19675418415,51,75,85,56,1306
16357552,秦靖涵,10089460251,84,86,71,47,1307
17058753,陶明,10124782714,84,85,65,97,1308
17057420,金默国,18688734827,97,85,60,52,1309
16540865,曹明,18212157696,47,51,77,81,1310
16488083,何芳,14473144131,95,40,83,91,1311
17598630,张诗妍,19674923455,66,74,43,88,1312
17157818,郑龙涵,18993116898,48,67,62,43,1313
16406206,郑玲国,17247850212,40,40,51,67,1314
16219061,华玲立,17548112101,57,91,58,86,1315
17627689,曹玲,13592446171,97,87,78,49,1316
17223511,秦明,14043969531,86,59,55,56,1317
16426216,孔龙国,11729559986,50,55,45,53,1318
16043047,魏刚玲,13868386094,63,48,48,59,1319
16878534,金诗,19803554290,60,86,85,69,1320
16480371,水芳国,13169493545,80,50,75,77,1321
17654541,秦玲楠,14145246771,65,41,75,52,1322
16455552,曹欣玲,19486682811,83,94,62,67,1323
16537815,章军,11263251781,62,59,71,57,1324
17568410,王欣,17490560914,74,61,63,72,1325
16642954,严靖,15653788822,41,97,77,99,1326
16950504,魏靖凡,18033386798,85,52,80,88,1327
16695785,李龙国,13658978940,79,42,43,99,1328
17299582,喻玉,19057499489,61,63,63,47,1329
16532048,孔玲楠,12830216733,97,80,64,52,1330
16005603,窦龙,16605618388,92,62,40,83,1331
16454250,章默,17836189370,48,43,56,76,1332
16684725,吕欣,11978917821,48,89,97,59,1333
16135530,赵欣凡,15954899658,84,63,51,80,1334
17754548,陶玲,17142649846,59,48,81,68,1335
17968801,喻芳妍,13374067909,100,67,45,61,1336
17972430,陶明凡,11925010928,91,59,57,80,1337
16364546,邹明凡,14591561047,52,68,79,47,1338
17298193,金靖,13887743707,44,84,73,49,1339
16806423,戚明,18693783830,68,66,54,61,1340
16393749,曹刚凡,10268041842,98,42,99,42,1341
17760312,何欣,17724415288,96,82,94,61,1342
17471221,王靖玲,11495601124,77,96,91,87,1343
16414827,华玉立,19791134499,57,59,45,76,1344
16867684,秦靖涵,15954712060,79,65,98,90,1345
17201878,施明立,11773804240,87,54,57,46,1346
16876210,陶欣玲,16143868968,87,59,66,90,1347
16209202,邹军楠,15411031995,60,86,90,69,1348
16220682,何默妍,10206931390,84,67,96,100,1349
16819843,张芳,16745185429,93,41,42,44,1350
17313865,何玉,14469984940,90,77,55,61,1351
17221299,孔靖,16621147814,67,74,63,48,1352
16046613,窦刚凡,12544519660,86,67,91,49,1353
16550223,吕军,14407743283,63,94,89,100,1354
16411545,严军玲,16797977353,64,73,79,71,1355
16771802,郑刚妍,13122712260,62,41,92,95,1356
16350629,陶刚立,18319303137,67,40,59,85,1357
16871530,吕龙,17740950045,70,54,77,69,1358
16461679,戚龙,18382186377,41,100,49,92,1359
16185397,金靖,13073963217,52,74,43,76,1360
17160038,戚芳立,15920121739,58,67,55,42,1361
16752718,王欣,11191489549,74,96,49,86,1362
16255030,金刚,12775800590,80,46,49,64,1363
16246522,王龙,17892577374,91,93,61,59,1364
17385407,何玲,14414608196,58,92,67,86,1365
17173488,严诗凡,15822061524,61,77,56,87,1366
17195357,曹默涵,14869199454,99,99,60,58,1367
17052076,陶靖国,11162454713,50,100,65,71,1368
16644931,金欣国,19798472087,92,88,61,44,1369
16896251,华玲,18503499246,67,95,51,83,1370
17930109,华诗,10594302980,62,47,83,92,1371
16054013,窦芳,17508576160,57,98,96,49,1372
17155436,何刚,12527092370,57,52,42,95,1373
16197284,窦默,14578040393,43,44,48,53,1374
17898851,曹玉立,17190899760,46,87,52,91,1375
17329960,戚诗凡,13777664939,44,78,83,61,1376
16181603,孔明凡,16660808704,61,84,53,96,1377
17542074,窦默,12682912751,90,97,62,88,1378
16081148,陶刚,12300257595,79,56,52,98,1379
17318845,李芳,10148344277,83,95,89,60,1380
16050860,谢玲涵,15431354409,51,83,52,93,1381
16826186,魏芳涵,15083666411,96,71,66,55,1382
17595840,喻玲立,19348049740,63,78,54,70,1383
16157876,谢刚,12994863014,74,54,69,94,1384
16589704,何玲立,12371064384,69,77,91,95,1385
16774458,何明国,15050215310,45,99,66,87,1386
17905346,戚芳,16977557054,48,79,81,82,1387
17875492,陶玲,16321595080,44,63,96,91,1388
16007795,姜靖楠,13704229996,85,54,91,68,1389
17455223,吕刚,13724063692,49,42,65,56,1390
17380779,金芳国,17467987055,71,54,91,48,1391
17046887,李龙,16105582774,82,91,43,53,1392
17404651,窦诗涵,11294411678,97,80,74,64,1393
16835706,窦军,10898912976,60,72,84,45,1394
17534349,窦刚涵,17022517302,40,85,58,60,1395
16752050,施诗妍,14288365659,50,55,90,56,1396
16324859,秦靖,13577515188,50,98,69,45,1397
16386105,郑龙涵,16990369415,66,43,67,54,1398
16403801,喻明玲,15910637589,100,70,93,74,1399
17076868,金玉涵,12228351000,54,57,74,66,1400
16843547,姜默,15948151711,92,97,49,48,1401
16146763,魏明,12454812419,80,56,78,50,1402
16985374,谢默,11670323493,64,44,62,70,1403
17708735,邹默,10002267204,95,68,73,45,1404
16454065,姜诗,12394345226,59,64,54,87,1405
17369191,章靖立,16220856722,73,41,100,89,1406
17255116,王玲妍,19909833127,81,87,40,91,1407
16412640,曹靖立,15614853575,98,82,47,90,1408
16258325,邹明国,12124032642,98,81,63,41,1409
16036944,何军妍,11392895241,91,51,72,47,1410
16297705,陶刚楠,10455628834,95,74,82,88,1411
17000980,窦军立,14691177730,81,63,77,53,1412
16861957,赵军,19823567989,86,89,95,61,1413
17147846,谢默,19758726636,65,60,92,90,1414
16348314,张靖楠,10139093835,75,97,72,58,1415
17756358,张芳,16168147923,45,99,61,86,1416
17810883,张军妍,11256444170,79,44,53,100,1417
17104074,柏刚,17622136370,42,54,46,53,1418
17920397,柏军涵,17721982311,57,71,42,64,1419
16934259,赵芳妍,12227437185,41,78,83,94,1420
17821655,窦靖,15854392849,78,67,51,45,1421
16300032,姜龙楠,14285070539,67,44,57,85,1422
17187387,章玲,15823650294,43,66,84,51,1423
17024604,严玉国,19791182643,82,60,55,93,1424
17310488,赵玲立,16766956692,47,51,94,91,1425
17141140,金明妍,10774718484,74,92,54,54,1426
16777840,严龙,10270561391,79,80,65,90,1427
16656767,张龙,19770463521,90,91,71,42,1428
17066164,柏芳立,17599049518,62,51,40,44,1429
17942916,章军,10754556306,90,95,63,96,1430
17162107,魏明,10498031750,76,66,68,72,1431
16270336,何明立,10886910185,50,83,93,88,1432
16375198,严明,17369881198,68,86,74,47,1433
16653295,赵芳,18527730340,62,98,49,87,1434
17859378,王玲妍,11131071195,96,82,78,77,1435
16154098,陶欣楠,19786956529,88,92,91,52,1436
17460351,严欣楠,12726048398,73,60,48,92,1437
16660358,张诗,15132327307,85,51,94,40,1438
16466047,谢龙楠,15288812314,68,80,95,59,1439
16717322,曹玉,16508122768,86,45,64,87,1440
17999040,何军妍,10924915921,87,52,62,49,1441
17816656,窦龙,14607546325,95,52,62,64,1442
17392228,吕刚,15144260321,81,100,88,59,1443
17762907,戚欣,16313864882,61,99,84,80,1444
17863240,施玉妍,17870260079,44,57,73,95,1445
16726052,窦玉,19828938810,54,89,49,52,1446
17230771,吕芳,16748237762,89,62,94,83,1447
16873558,金欣楠,15403754393,95,85,79,81,1448
17606984,窦刚,19699743399,72,71,74,53,1449
16074381,章龙楠,14707787448,85,96,53,94,1450
17785850,金芳,19989981548,88,55,51,96,1451
17754634,张默,13297258275,79,44,72,79,1452
16728126,郑靖,11223905143,98,60,80,79,1453
17264163,严芳,18251137456,53,50,49,78,1454
16681198,吕军,14852725864,93,42,54,68,1455
17725837,严明玲,15642217025,82,45,43,74,1456
16219910,郑欣,17348081860,66,86,40,93,1457
16877878,施芳,15842667989,42,93,69,99,1458
16763722,何诗凡,11358067785,90,61,66,78,1459
17117222,陶刚,17342537073,56,77,41,60,1460
17405860,窦龙楠,17189297815,42,61,64,91,1461
16488327,谢龙,15128688566,92,73,94,99,1462
16396065,姜玲,12523690288,100,60,66,98,1463
17605297,张刚立,16142789820,85,97,74,60,1464
16436234,喻玉涵,15094804635,82,43,60,62,1465
17121076,金欣,14165094210,87,50,58,40,1466
16740908,窦靖,13708397593,51,62,98,61,1467
16943364,柏明涵,13094137348,92,98,90,46,1468
16896188,严龙,18717352354,74,56,42,91,1469
17585371,严玉,16097919014,87,57,48,51,1470
17504222,魏玉,10106438897,90,90,46,77,1471
16326808,何龙,11130224896,69,56,52,77,1472
16566561,张靖,19098034311,96,69,60,63,1473
17172145,赵玲,13799190694,83,79,93,61,1474
17723660,张芳,15587073544,86,47,40,42,1475
16826928,邹明,13203957563,92,51,72,46,1476
17930131,金欣妍,13126422374,77,86,82,81,1477
16135090,吕诗,14869955548,96,59,69,95,1478
16687704,章龙,18990346544,93,73,47,68,1479
16681846,施军,11927302879,94,41,94,85,1480
17053065,金诗,14790210210,88,50,89,47,1481
16815541,王刚立,10466153335,79,99,82,67,1482
16424434,吕靖楠,19671130185,96,92,47,42,1483
16420025,华欣立,10879027465,54,49,77,95,1484
16421727,谢玉妍,18584052858,60,79,64,80,1485
16564146,王靖,10244757235,65,43,44,98,1486
16987638,孔欣,12598713757,95,97,90,74,1487
17197092,郑玲楠,11583086251,60,81,77,88,1488
16120880,张明妍,12372281790,67,64,85,93,1489
16244647,秦玉立,16469432392,72,78,100,100,1490
17208713,窦明,19500890791,89,88,40,94,1491
17828887,邹刚玲,13026954753,55,42,75,94,1492
17253545,王芳凡,19816103007,72,57,46,64,1493
17910774,柏明妍,11986651970,77,78,64,68,1494
17110807,秦玲凡,13673600796,81,65,88,74,1495
17306247,张默,16059160358,46,71,54,92,1496
16663051,郑芳,17693572897,51,54,41,62,1497
16380518,戚欣涵,19173557944,41,41,92,80,1498
16656194,孔玲,10282628932,73,92,72,70,1499
17055284,华明,11043457295,54,54,63,83,1500
16601302,吕靖,18459674656,60,65,59,44,1501
16152463,邹芳,19960133361,59,61,78,48,1502
16900408,何默,19324567111,59,58,47,77,1503
17685102,姜默凡,12559206579,87,53,72,52,1504
16292700,吕玲玲,16140855737,58,68,82,92,1505
17876096,章明凡,10045326624,81,78,94,41,1506
16539636,曹玉,16609487936,84,52,55,88,1507
17842811,张军妍,14771385051,64,72,64,76,1508
17242280,魏诗涵,10211986630,63,88,84,45,1509
16711204,郑芳,15527865051,55,57,87,93,1510
17569372,吕默楠,10274433615,82,96,60,94,1511
17923442,张欣,19209881584,98,54,58,96,1512
16252903,金军凡,19345849077,59,45,45,80,1513
17528123,李龙妍,16405412855,57,88,94,85,1514
16733505,李欣,12344217659,100,90,61,44,1515
17526523,严龙立,12682017705,93,66,65,89,1516
16129861,窦玉玲,18015019397,90,86,50,45,1517
17219552,何刚妍,19439514767,62,93,62,40,1518
17647125,柏默,10007079177,95,92,81,87,1519
17076633,柏明,19059968124,84,59,86,77,1520
16485530,喻默,15556978929,48,65,63,44,1521
16038976,戚靖凡,14136923051,41,81,47,63,1522
17228426,戚刚,11278005927,45,74,76,72,1523
16838208,曹军楠,13452439248,47,46,81,70,1524
16268240,窦军,17756024504,94,66,84,77,1525
16110890,喻诗玲,15144783692,83,88,69,75,1526
16769915,张芳涵,19649064038,77,47,46,40,1527
17172347,戚刚涵,15569213507,69,79,67,92,1528
17256157,李刚立,13319058643,64,79,91,72,1529
16626048,赵芳,11110226389,43,59,72,54,1530
17789668,李默涵,16887454479,58,46,40,52,1531
16250930,施诗,11740436676,63,46,60,40,1532
17372134,秦玉,11362078732,59,70,60,55,1533
16602025,曹靖涵,17631752107,82,40,95,41,1534
17926916,郑龙,12677819214,78,80,50,68,1535
17192512,严诗楠,12560509461,90,95,43,65,1536
16198096,赵玲玲,13494879617,54,97,93,99,1537
17940830,邹靖凡,13833319312,49,98,65,64,1538
17725270,华默玲,19317379903,40,88,49,52,1539
16318651,戚刚,16615082815,58,66,80,91,1540
17646561,张玲妍,10606994646,89,44,65,99,1541
17207080,喻默妍,13297973653,41,62,68,44,1542
16122229,章刚国,19725413549,68,86,69,84,1543
17041323,水靖,19987413842,53,98,55,58,1544
17394691,水靖立,16825017706,58,74,55,96,1545
16495739,施芳玲,16472775446,61,89,98,66,1546
16298836,张龙楠,18859840203,44,68,60,74,1547
17507273,喻诗涵,14409221680,58,99,95,82,1548
16001753,何靖,11091958952,64,89,86,99,1549
17494953,华刚,16258273828,75,92,65,87,1550
16295725,张军,17490948647,82,98,55,87,1551
16617711,王龙涵,17072974506,92,40,78,78,1552
17458127,王玉,16235200959,88,82,99,94,1553
16585624,李明涵,19083484541,42,97,70,98,1554
17585008,华靖,10052152372,46,40,66,45,1555
17186970,金玲,11267875725,96,74,83,90,1556
17022536,华默,10972582443,97,72,71,91,1557
17444605,喻明国,19131407366,84,65,75,78,1558
16007563,金玉涵,12932269392,42,64,83,53,1559
16695929,窦刚楠,15475389664,59,69,92,76,1560
16202436,金玉涵,11137728089,52,52,96,65,1561
16085538,吕靖,18870990163,100,66,46,49,1562
17881111,李刚,17094922378,78,43,73,52,1563
17923080,窦玲,16137237642,48,78,100,73,1564
17570880,张欣,19879546011,88,47,43,79,1565
17095822,谢靖凡,12247111269,67,90,40,52,1566
17833733,王刚,19194553506,96,100,64,42,1567
17119188,王默楠,12821723710,58,99,68,96,1568
17029256,郑军,14805969458,85,70,77,79,1569
16913322,严刚楠,11030820884,78,47,46,55,1570
17838244,严龙,19235398899,78,44,81,62,1571
16864045,魏靖玲,14253346619,61,73,89,68,1572
16054439,秦明国,13693663413,67,83,74,100,1573
17890409,曹靖,19542810050,43,66,49,45,1574
16992756,水明涵,14162916941,48,74,92,64,1575
16871978,秦欣,19851237665,70,57,88,91,1576
16952582,严玉,12093069564,97,99,79,43,1577
16928431,柏欣,10989189154,80,44,51,88,1578
16704491,曹欣涵,13858019487,56,49,82,59,1579
17747881,王龙,13374490102,67,78,65,94,1580
17957235,吕军,15685786567,82,50,74,71,1581
17352473,严芳楠,11977050346,60,99,53,96,1582
17837894,何明凡,19024010785,56,87,64,85,1583
17262388,华诗涵,13793497795,79,100,62,41,1584
16489159,秦龙玲,14589604496,71,53,46,98,1585
17971401,喻靖,19087640438,62,52,91,90,1586
16518028,喻刚楠,10234841090,78,88,69,61,1587
17982481,曹芳国,16997520784,50,40,61,45,1588
17517092,华明立,11373195960,69,60,97,61,1589
17998558,柏欣楠,19720184851,75,43,94,44,1590
17052352,孔默,12594398651,60,40,99,75,1591
16962484,金明立,10121264247,53,64,95,93,1592
16886455,张芳凡,16392266246,61,96,93,68,1593
17567533,魏龙楠,16901545805,61,60,47,58,1594
16440673,张靖立,15560913174,68,42,40,64,1595
16432644,吕默,19623911772,94,40,56,79,1596
16812550,张诗,15248729828,95,48,41,49,1597
16626041,喻玲,13763917204,98,76,48,85,1598
17179360,郑军国,11898920867,77,57,49,42,1599
16189418,喻军妍,17572791510,70,41,89,95,1600
16460420,吕军立,11910186732,64,48,94,93,1601
16824961,何诗,12147716305,49,97,49,73,1602
16957656,孔欣国,14983772246,83,47,52,44,1603
16926100,郑芳立,16741422385,66,96,55,44,1604
16009280,李默楠,18640279289,45,84,66,76,1605
17435681,孔玲,17890189015,53,98,49,43,1606
17899748,金明立,13779737085,55,70,50,50,1607
16894806,谢玉,18583793979,65,47,86,85,1608
17882384,郑默玲,19879602692,52,87,76,82,1609
16665775,金龙,15509059610,71,59,49,63,1610
17643563,李诗涵,10111274987,58,57,86,62,1611
16690002,邹刚凡,17825960742,43,92,62,99,1612
17876488,郑刚楠,19619583177,95,95,85,44,1613
17458354,郑玉楠,19618044492,52,49,50,98,1614
17163137,魏刚,13634769401,70,76,79,71,1615
16771332,秦欣国,18923208399,42,91,65,77,1616
16754946,金靖,17451056536,82,77,40,77,1617
17371833,吕刚,13943652082,49,99,83,92,1618
17410394,陶芳,10451073554,47,91,43,61,1619
16652659,张默,15064519536,100,87,76,42,1620
17635087,邹明,16215505313,79,80,73,81,1621
17873562,金芳,15656849079,85,77,69,54,1622
16786120,严龙涵,13279260399,92,77,72,46,1623
16380286,魏靖涵,14725198157,44,73,58,85,1624
16946122,姜诗立,14004435023,52,76,82,91,1625
16489533,喻欣凡,12919834408,81,41,76,92,1626
17742961,姜诗,11371171445,83,69,91,82,1627
17586797,孔芳,12718489444,74,43,84,70,1628
16176856,喻默玲,19752873828,86,99,67,74,1629
16645926,吕欣涵,13660892097,76,71,75,99,1630
16502361,李芳,11249090741,86,78,57,76,1631
16574406,郑军,17665175323,90,53,41,58,1632
17891423,金默,13438463995,41,48,87,57,1633
17651342,邹玉国,12597748394,83,70,76,74,1634
16875905,王龙,10618553149,73,95,89,54,1635
16275012,金默凡,17745790360,77,77,67,52,1636
17732140,张芳立,15183071526,89,59,77,48,1637
17829719,李芳凡,10766512850,78,55,94,86,1638
16450536,张诗,12307197401,93,66,56,41,1639
16732424,王靖国,11174218779,91,83,45,65,1640
17012982,窦芳楠,14649219801,47,40,85,40,1641
16858987,柏军,12888295871,84,49,64,71,1642
16727142,秦默,12005884801,92,88,64,86,1643
16012038,喻玲国,18576135526,52,56,44,95,1644
17413395,华刚楠,10396953525,43,54,75,49,1645
16666802,何诗楠,19945668450,70,47,61,66,1646
16727125,喻玉,16757575018,41,41,49,94,1647
17770343,戚龙楠,15394853061,97,56,66,59,1648
17418943,姜诗,16193723773,69,55,71,49,1649
17581997,邹龙,18938925056,45,63,42,98,1650
16223044,施诗,17521073954,54,67,76,82,1651
17532371,金军,18844031011,62,85,59,89,1652
16573658,王靖,10623272002,85,99,92,78,1653
16746311,严靖国,17092659633,59,45,51,49,1654
17973754,孔诗,12442465007,43,87,57,64,1655
16256590,曹诗玲,17180562254,77,97,82,82,1656
16018324,吕玉凡,13138191955,80,64,82,58,1657
17633182,吕明玲,10689739525,70,96,74,72,1658
17592674,魏龙玲,10233506463,57,53,59,99,1659
17089464,陶欣,16650153136,77,48,44,71,1660
16917207,章默,18638145557,70,52,50,72,1661
17200138,谢诗涵,11273234717,55,53,88,88,1662
17600809,张龙玲,13120602600,94,48,79,75,1663
16498696,金芳,15468132707,96,41,82,70,1664
17081549,邹玉,10169733748,85,83,62,89,1665
17261259,邹玲涵,14907690443,46,46,88,88,1666
17081610,戚靖立,12596937308,69,64,62,78,1667
17369846,姜默,10051564531,91,100,47,76,1668
17570617,陶诗涵,13171581316,56,52,99,45,1669
16465097,李龙玲,16133643818,65,57,100,81,1670
16031574,陶刚楠,18819976182,78,43,47,83,1671
16144974,谢欣玲,10071492175,80,48,87,60,1672
16382984,谢玉立,10177968783,78,96,89,91,1673
16514109,郑明凡,15958370960,85,95,76,42,1674
16553638,赵诗凡,18077895406,67,46,43,42,1675
17047553,李龙,19618959066,66,83,76,67,1676
17282320,戚默,12899763342,70,91,54,74,1677
16629289,何军,10235527021,88,46,86,84,1678
16445189,何欣妍,18756536219,56,88,72,49,1679
16318264,何芳玲,13635302221,45,83,59,45,1680
17147473,曹明,19933074443,67,88,100,64,1681
17536181,曹明妍,14960179396,69,83,77,67,1682
16877219,金诗,12647477845,89,46,42,61,1683
17187840,王玲,17728771577,68,69,84,84,1684
16264623,张玉立,15370907094,71,53,88,45,1685
17784496,姜欣楠,16702359243,81,42,71,49,1686
17767146,何芳,13695170282,46,53,40,85,1687
16814466,水军凡,10317660216,43,88,81,56,1688
16973112,郑玲,19270745092,55,55,76,93,1689
16472635,吕龙,10766777710,82,99,87,49,1690
16156920,水刚妍,16028053438,54,58,55,54,1691
17930146,邹靖,17734394689,86,97,66,47,1692
17409701,魏军国,19247134817,51,41,56,78,1693
16184753,窦玲妍,11376288924,62,40,84,80,1694
16707671,陶默凡,19911597801,93,81,66,63,1695
16413030,王玲妍,17559586008,93,91,54,70,1696
16806823,郑欣,19706352160,44,55,41,63,1697
17579447,柏靖,10435688482,74,59,99,83,1698
17128991,陶明立,18387247652,47,77,54,95,1699
16990740,曹靖,15274849736,42,73,44,100,1700
16921049,喻军涵,17968390146,70,46,89,55,1701
17033687,施玲,11112836669,61,73,64,58,1702
17025787,谢诗,13088725637,81,46,86,56,1703
17426149,秦欣玲,15041912491,80,63,48,78,1704
17670954,窦龙,16430309684,84,83,64,87,1705
16585837,魏玉妍,17177246933,49,96,98,88,1706
16377506,陶玉玲,14289762131,55,55,53,70,1707
16583883,戚龙,18260286566,92,74,65,79,1708
16982317,曹明楠,19126823632,98,88,94,90,1709
16970007,张诗凡,11622054812,59,61,78,71,1710
16369114,柏芳,16219093400,86,43,62,77,1711
16321549,何明凡,11803806394,54,67,60,64,1712
16489252,金军涵,16216711861,85,52,60,86,1713
17043091,邹玲,12805166859,95,83,94,75,1714
16171491,戚欣,17341425110,77,78,45,52,1715
17123679,金龙,17930182740,58,90,73,58,1716
16185458,戚龙,15978411476,63,50,80,83,1717
16069178,张军凡,17277787009,75,63,71,49,1718
16329284,谢诗涵,12354989916,97,40,85,61,1719
17109507,水刚,12479051312,72,88,90,84,1720
16438551,章明,14284432715,94,61,97,58,1721
17955766,秦刚玲,11842874133,92,49,58,42,1722
16767499,华欣凡,14812546387,85,61,99,61,1723
16594548,陶欣,17586571429,65,91,44,76,1724
16763768,窦龙楠,12095882328,89,79,73,73,1725
17610617,戚军,15887458614,56,76,61,72,1726
17598714,姜欣玲,11212130116,100,86,61,77,1727
16195513,吕刚,19306926653,50,77,50,61,1728
17984123,水刚,12152534124,75,62,73,75,1729
16662294,吕默,11173494818,89,66,93,100,1730
16881996,张明,14424007147,51,52,60,89,1731
16311734,王诗楠,11235937266,69,70,63,92,1732
16375317,吕龙立,10416915624,52,77,47,85,1733
16292387,陶诗凡,13811585565,98,94,50,65,1734
16049218,魏刚妍,18207723925,97,56,86,67,1735
16774840,金诗凡,19338828753,48,52,95,76,1736
16575105,吕明,12628754514,72,57,67,63,1737
16754934,曹靖,11724440426,78,56,72,85,1738
16884630,窦玲妍,15191835274,57,68,92,56,1739
17915619,喻玲,10445147409,84,89,57,58,1740
16626881,何刚,19412365943,86,79,69,98,1741
16194107,章军,13142066437,66,62,71,92,1742
16489041,郑玲国,18998075178,87,58,86,90,1743
16932163,姜欣国,14895327294,45,49,96,49,1744
16325236,金诗,18483562221,84,71,45,88,1745
17539274,何玲涵,16719435707,69,85,40,58,1746
17201501,喻默立,11510855621,40,78,44,81,1747
16264987,姜明,15482802837,86,81,97,82,1748
17824778,水默,13560260177,97,92,87,65,1749
17570335,张刚,18691024521,98,54,48,77,1750
16571404,吕靖国,17443921900,76,88,53,64,1751
16465903,吕诗,19819107084,96,68,91,41,1752
17038557,张玉立,15284821756,71,48,96,41,1753
16058741,张龙,14142055768,100,73,51,71,1754
17584415,赵龙国,10627774156,58,96,85,81,1755
16121218,赵诗玲,18071285371,54,77,46,91,1756
16672455,谢玉,10633590517,55,92,99,72,1757
16027884,张玉,15417775430,78,42,41,45,1758
16166483,谢龙玲,14086127077,66,66,47,90,1759
16018097,金明,11080619195,62,77,76,78,1760
17853705,喻诗楠,16985341109,52,85,78,95,1761
16522664,邹明妍,11526543598,55,94,55,71,1762
17888226,金玉凡,13696122405,46,80,51,61,1763
17607401,曹诗,11199926522,92,87,76,93,1764
16614645,秦军,17723529114,54,87,81,87,1765
17776454,华欣立,12634470278,63,55,69,100,1766
16353775,金龙,17665441226,94,66,78,57,1767
17580397,姜明,17421300476,86,92,48,92,1768
16493231,柏默,13924962873,74,49,59,68,1769
16974684,柏明楠,13313525194,60,58,81,97,1770
16500208,姜龙玲,13169662891,50,75,97,51,1771
17073223,赵军凡,19815746925,91,41,70,81,1772
17955788,章诗立,10005654828,99,53,78,43,1773
17357635,章玲,16934450984,57,59,73,88,1774
17335027,秦默,16228470790,82,48,51,84,1775
16801749,吕刚涵,15453646429,76,96,74,51,1776
16215971,邹默玲,12234365846,58,56,53,62,1777
16869554,严靖立,15276987955,90,96,72,74,1778
16888902,郑默凡,16959933296,40,53,95,47,1779
17156590,施默国,14585928714,87,64,66,43,1780
17004269,姜欣楠,11045738617,54,77,68,78,1781
17421821,金玉玲,16437075937,55,88,77,66,1782
17193062,严芳妍,11607808641,41,99,44,64,1783
17731020,章芳玲,11221377933,98,98,98,94,1784
16272982,戚龙,10447126664,72,83,77,93,1785
17509055,姜龙妍,17216047497,91,57,45,58,1786
16401021,章欣,14953544998,73,56,91,55,1787
17267064,王龙,12041353650,71,87,69,83,1788
16032571,孔军凡,13517570145,85,46,79,79,1789
16928375,李诗国,19757947685,88,79,54,67,1790
17324608,施默妍,15191025432,83,93,73,49,1791
16506861,章龙,16549194357,44,90,75,99,1792
17077090,严靖,19337837071,98,88,72,48,1793
17322939,水诗,12139453313,77,68,87,50,1794
17335039,李刚妍,12228015433,75,68,48,53,1795
17079122,王玉,10170858577,42,69,67,77,1796
17724192,赵军涵,16420225834,55,58,79,40,1797
17807901,严靖妍,10916394948,97,59,44,98,1798
16966337,华玲楠,11610069057,61,79,82,66,1799
17158779,金芳,18906187243,50,41,100,77,1800
17587395,严默立,18218321080,70,67,99,85,1801
17922723,柏龙妍,14666634610,92,64,99,74,1802
16991115,华默玲,19100892419,98,44,66,80,1803
16980482,喻靖,10633109835,73,90,58,68,1804
16784573,严默立,13424891092,58,45,74,72,1805
17552551,窦默楠,18026301801,83,48,49,58,1806
16048123,柏玉,12167626777,100,96,100,79,1807
16909182,华欣,14479658690,89,77,53,98,1808
17542170,曹靖,14531027468,74,87,60,63,1809
16088746,何默凡,17201928589,52,66,48,51,1810
17195369,柏玲,16417622841,87,90,56,43,1811
16520544,金龙楠,11817977974,72,42,75,100,1812
17832385,陶玲凡,17211163016,72,56,53,79,1813
16399738,喻军,16200051462,68,80,52,83,1814
17544503,秦刚,13934193067,55,94,45,71,1815
16538785,邹玲玲,12971424924,82,82,78,70,1816
17628844,曹刚,13561902193,41,46,75,47,1817
16948412,吕默,18555197773,78,77,87,99,1818
17644854,秦龙,15745350158,50,76,81,48,1819
17741425,秦默,12139438708,79,80,83,59,1820
17003926,水玲国,13983522961,54,75,52,93,1821
17745854,王欣,12188650218,40,97,59,89,1822
17001895,王明妍,14558644188,78,48,95,80,1823
16005270,赵诗妍,14362917509,66,50,52,80,1824
16868065,章玉,12631795128,63,55,89,58,1825
16587227,魏玉,16975328114,50,98,78,76,1826
16885971,窦欣楠,12902444334,86,50,100,69,1827
17609689,赵玉,14543592125,47,72,88,51,1828
17314672,张欣妍,10976266780,53,64,61,44,1829
16159030,秦欣,13830155552,90,51,95,73,1830
16142489,吕玲玲,19121034804,70,98,93,97,1831
16800043,水刚,13744639971,41,62,56,97,1832
17442050,陶玉玲,13999171223,59,70,47,64,1833
16405218,金龙涵,10630326024,69,85,68,50,1834
16236316,柏玉国,17162371336,81,83,70,93,1835
16607035,邹刚,10523681578,92,92,85,48,1836
16982639,姜明楠,18542670313,80,52,73,47,1837
16335122,章明,16187135501,41,87,56,49,1838
16757581,姜欣,17840819623,54,59,86,95,1839
17361537,金军玲,18648345416,76,71,92,40,1840
17188081,柏刚妍,19001584050,91,98,74,86,1841
16041863,王明楠,12720154184,63,97,80,62,1842
16060237,金龙楠,15540407319,97,96,40,99,1843
17191191,谢刚妍,19393610198,99,54,73,96,1844
17282496,曹刚涵,19414855739,84,58,42,62,1845
16937808,华龙楠,16926599094,41,91,45,60,1846
16915523,窦欣立,11260325434,77,95,49,86,1847
17020630,喻明,17670606345,100,59,46,43,1848
16200163,张芳,17140894809,66,82,84,47,1849
16758713,陶明涵,10178289874,65,72,52,55,1850
17196293,金欣,15241873764,59,83,41,40,1851
17054000,谢玉玲,19604101562,55,73,56,88,1852
16480490,魏刚凡,17796185835,47,47,62,53,1853
17944161,郑欣国,10456471345,57,58,89,53,1854
16728529,吕玲,14450457021,45,91,99,88,1855
17454185,李芳,14390654982,97,100,91,50,1856
17620126,戚军,16490273629,59,48,80,40,1857
17583254,姜刚,18911893646,76,62,68,70,1858
17694930,赵明,16758744116,99,86,98,86,1859
16002034,秦明立,12516442312,45,67,52,77,1860
17561982,孔刚,11200218435,53,99,83,51,1861
16324627,姜靖,13403016054,98,87,78,97,1862
16548977,戚明凡,15346739592,91,90,56,45,1863
16645270,王靖,16486185241,64,82,83,97,1864
17618798,金龙楠,19859387488,62,86,81,51,1865
17663505,章玲,17792495253,47,72,83,81,1866
17178702,姜龙,17283284676,45,65,92,45,1867
16563813,章玉凡,10257958587,45,80,70,86,1868
17043716,曹军涵,15668750220,100,83,43,40,1869
17876341,姜诗,12894869888,88,76,52,70,1870
16094433,赵军妍,19648921888,48,78,79,92,1871
16753065,窦靖,11539838755,96,41,81,100,1872
17589279,李靖,12650064999,80,40,53,91,1873
16102511,吕欣,12376419588,81,59,67,65,1874
17812584,严默,17332514432,48,72,76,69,1875
17838237,赵默凡,14432880378,91,73,84,81,1876
17807374,秦默,15093939349,74,42,64,92,1877
17659552,姜靖,13795303428,79,64,93,98,1878
17029120,戚靖妍,18712400596,46,67,94,65,1879
16740480,戚明,19966841259,90,83,93,98,1880
17596857,华欣凡,11319776660,84,54,90,62,1881
16450985,张明凡,17693544000,76,73,45,47,1882
17448114,王玲妍,16940162851,87,84,84,60,1883
16433737,郑军,14525379698,76,64,46,46,1884
16657699,姜诗立,11971908735,51,98,63,49,1885
16754000,张军,12365578776,46,42,100,80,1886
16998171,曹明,11296725094,95,70,66,90,1887
16237356,金诗妍,11244639906,49,76,86,96,1888
17607013,陶诗,16504071329,48,71,85,91,1889
16368384,赵明涵,19515739789,61,40,77,58,1890
17716548,华欣,10359778422,100,64,57,56,1891
16918362,华明,16584895514,71,42,53,85,1892
17059099,金诗妍,13760576527,77,100,49,56,1893
17080476,郑靖,16430897237,45,65,42,58,1894
16731236,孔欣,13750606460,62,43,63,57,1895
16346207,喻玲涵,15568823303,50,72,46,89,1896
16649160,柏欣,19752321838,100,46,74,49,1897
17599970,金军,19323742810,88,51,97,48,1898
17281271,赵默玲,12251273171,50,83,87,96,1899
17170111,施龙玲,15072235964,67,100,97,43,1900
16144568,陶明妍,10026535900,46,66,77,97,1901
17262418,王玉立,18460917934,63,61,40,86,1902
17623460,秦龙,18438258239,76,58,59,63,1903
17125705,张玉妍,18637488046,62,54,44,52,1904
17643069,赵默玲,10240770526,48,93,87,96,1905
16338221,水龙玲,15872261546,48,82,48,41,1906
16954565,曹军立,12394420146,64,83,48,96,1907
17624162,华明玲,15192898901,68,81,41,87,1908
17060278,吕诗涵,14068676340,80,45,71,74,1909
16822248,张玉,11606971606,86,72,92,47,1910
17105573,施军凡,14371430160,48,43,64,66,1911
16195312,华龙涵,12171736239,65,46,57,71,1912
17620319,秦刚涵,19965100121,78,49,63,51,1913
17083031,施明妍,16061045827,53,40,55,53,1914
16669868,戚诗,12773982461,74,45,52,80,1915
17117911,施玲,16098500336,74,80,77,50,1916
16898552,李军,15291681609,82,49,98,94,1917
16566641,吕刚妍,14848468550,76,71,91,89,1918
16438256,金玲,18566850330,93,47,83,47,1919
17075438,华龙,14504325410,77,80,62,96,1920
16824836,金刚,14193500303,89,77,89,53,1921
17877272,李欣立,12036076247,63,80,65,94,1922
16682827,张龙,11324444430,73,55,46,57,1923
16878870,王玲,14448255609,41,65,99,47,1924
17390601,曹明,15988465984,67,66,72,46,1925
17804895,柏诗,17627533249,62,98,72,73,1926
17818922,何诗涵,14090220052,97,68,41,96,1927
17627425,柏玉,16892083966,64,97,91,44,1928
17389203,李刚楠,19184977694,63,99,82,82,1929
16676051,张明立,11685236756,98,72,40,69,1930
16305690,金玉立,10075449050,44,55,93,65,1931
17730630,章龙楠,13071284931,59,45,40,40,1932
17003370,何诗,18037912691,91,87,61,94,1933
17623740,水刚凡,18515970640,84,64,68,69,1934
17270763,王军国,16411703330,71,87,77,60,1935
16655992,水诗,17153739982,59,75,77,56,1936
17493822,陶诗,16110704445,69,40,89,87,1937
17890878,华明,11020327392,64,90,43,96,1938
17331317,孔玉涵,18774126464,54,65,58,46,1939
16873170,陶明,11352665882,94,58,61,79,1940
17630162,严欣,12378567504,48,90,63,79,1941
16597071,李玉,11050523273,60,98,67,91,1942
16029674,吕军凡,16832797316,69,64,97,77,1943
17509168,严龙,11636614362,98,68,90,52,1944
16593197,王军玲,11415310624,53,89,86,80,1945
17231580,谢军,16917562047,89,74,95,78,1946
16660209,孔军涵,10980328257,88,55,40,88,1947
16360343,张芳,16475823942,88,95,72,80,1948
17701223,陶靖立,11769802037,96,62,52,59,1949
17112132,张军凡,18295531495,47,86,63,60,1950
16158081,张军,13261601133,46,52,57,85,1951
17720893,李刚国,12860193234,50,77,43,81,1952
17661471,孔玉涵,17338739117,59,74,56,72,1953
17358246,曹诗玲,12623576742,74,45,47,55,1954
16353137,李芳,15223106330,48,61,81,43,1955
16283322,严明,18140559403,87,40,67,48,1956
16883104,姜靖,10912323421,81,69,71,100,1957
16463506,金刚凡,17532313469,88,55,58,67,1958
16699788,吕玉,18744551045,84,86,89,58,1959
16104969,孔龙立,18713413051,100,87,93,48,1960
17629289,柏默玲,11052021310,88,79,89,54,1961
17393425,邹明,10763427956,56,88,61,74,1962
16367609,秦芳妍,11312852595,98,55,98,70,1963
17685904,吕诗,14416492876,92,68,59,49,1964
17685578,何玲妍,12820450547,95,77,73,59,1965
17564849,曹靖,13120006972,91,73,54,94,1966
16751944,姜靖立,15715685221,97,85,42,99,1967
17107466,张默玲,16020675725,85,99,68,51,1968
16751343,章军,19903715385,84,76,61,50,1969
16354263,吕玉,17380288469,44,56,45,82,1970
16534967,姜军凡,10308727100,58,43,84,58,1971
17903180,章龙玲,15913133733,78,96,61,88,1972
17262921,窦芳凡,13602849137,60,76,71,75,1973
17690331,王芳涵,15992269452,78,90,66,46,1974
17065556,曹军,19797360813,49,53,81,69,1975
16380476,章欣玲,16309140816,41,83,51,83,1976
16996860,水靖,16013143893,79,89,91,48,1977
17998386,何刚楠,11763432921,55,66,62,80,1978
17954055,王明,17764680180,41,95,60,74,1979
17565515,华欣楠,17595598784,92,71,48,92,1980
16068217,施默,15199570225,43,81,71,58,1981
16786928,严靖,17793986173,57,59,41,62,1982
16642072,窦刚楠,16818777621,55,71,57,71,1983
17271401,章欣,11097962476,85,86,93,44,1984
17929559,金欣妍,10456278308,44,81,94,41,1985
17275720,水芳楠,19051420237,70,60,46,79,1986
17169626,吕芳国,13894875330,53,89,83,95,1987
16805679,柏军楠,12948433779,40,73,70,40,1988
16127866,华军,12080729793,72,54,47,74,1989
16922979,喻龙涵,15986972270,85,86,72,98,1990
16273164,姜军国,12461058992,59,58,59,70,1991
16120584,赵诗,16018666646,49,78,68,96,1992
17256562,何军妍,10024897067,65,68,97,55,1993
16049247,戚诗妍,18259968382,68,79,71,48,1994
17555257,严靖立,18392931960,50,73,66,68,1995
16516441,孔明,10094149351,96,71,70,77,1996
17718312,章芳,10494206089,45,83,78,58,1997
16286119,秦明楠,19908807733,41,96,84,79,1998
17632538,张玉,13349196576,81,42,47,52,1999
16400482,李欣,15167608602,70,92,54,83,2000
17662313,戚默玲,16418870006,60,68,82,93,2001
17453102,张龙凡,10359187377,83,86,92,45,2002
17526065,施刚楠,18745218875,89,99,98,95,2003
17835563,何默,12799104677,48,97,71,55,2004
16265616,姜诗,12188487152,61,74,73,56,2005
17104618,姜龙,15805698158,56,41,99,93,2006
17166220,章玉,12310589915,78,88,59,74,2007
17955123,章龙妍,18818477923,42,74,95,98,2008
17819570,华刚,10704408948,57,44,67,45,2009
17679022,施军立,12447914227,95,45,92,67,2010
17667416,陶明国,16060228280,71,42,79,42,2011
16266318,章玉楠,18817668082,54,90,92,72,2012
17296437,张刚,15861402581,98,82,65,89,2013
16547748,王欣,10870438104,99,55,87,51,2014
17590011,章芳国,11556620990,62,88,70,48,2015
17096844,张靖玲,19943116919,93,92,45,63,2016
16968095,窦明,13764735838,79,75,90,74,2017
16939732,谢军楠,14477493075,83,58,80,53,2018
16665837,章龙,17700055647,63,49,82,99,2019
16660850,王芳,15975278595,66,50,42,89,2020
16775923,魏芳立,18263870127,54,47,77,51,2021
16093134,赵欣,16146438071,72,47,92,84,2022
17262684,水诗玲,15933521255,91,53,86,67,2023
16109669,喻默立,15049107355,64,49,100,92,2024
17870356,金靖,13212236773,40,48,52,62,2025
17803534,金刚凡,16504820049,64,41,72,42,2026
16532476,柏玉,17128917405,92,77,87,41,2027
16422235,曹欣,17038311900,80,81,90,59,2028
16788213,严玲国,11076110065,43,86,87,62,2029
16605484,王明立,15916651758,91,78,99,63,2030
16680752,水靖妍,18822912919,99,99,63,73,2031
16890802,戚欣妍,11946952975,83,45,56,47,2032
17713534,陶军凡,11392741383,69,55,91,48,2033
17802429,柏明楠,16842064674,51,89,61,87,2034
16833996,陶芳,18250669752,95,42,86,93,2035
17480098,华靖凡,18814905416,93,51,79,57,2036
16354191,戚玲,12776300498,64,51,73,80,2037
16465479,陶诗涵,10202433754,87,96,64,69,2038
16354413,秦默,14989090727,79,62,67,40,2039
16158514,金刚,15590137581,65,100,88,86,2040
17016396,水刚立,13531549636,50,44,80,72,2041
17262010,张默,12905182407,68,61,48,45,2042
17575934,喻军国,12999992591,96,43,67,40,2043
16473677,戚龙妍,17646566650,88,92,43,59,2044
16788289,孔玉,17283485082,47,49,80,68,2045
16761822,郑诗凡,14699785440,99,62,70,95,2046
16642302,窦诗,13463905961,86,76,84,90,2047
17029530,王刚立,12315869960,83,63,68,63,2048
16616594,章欣涵,15421267232,65,57,97,72,2049
16020345,水龙,15577869932,100,98,99,68,2050
17669732,姜刚楠,15882886624,87,45,72,74,2051
16081330,章默涵,11777493147,99,62,82,46,2052
16714594,窦明涵,15274070874,69,50,78,52,2053
16425486,金诗,10127532658,59,56,71,62,2054
16743566,金军玲,15196690006,78,55,59,85,2055
16006394,窦欣凡,13912511690,50,73,91,60,2056
16829101,魏龙立,18808933306,44,41,53,76,2057
16255317,郑明立,11403224449,66,71,89,64,2058
16209494,郑芳,13833208583,47,65,59,88,2059
16687068,郑靖凡,17352123483,88,61,75,45,2060
17089464,张诗楠,15382512199,48,78,79,66,2061
17692549,陶刚,18216582197,57,47,86,72,2062
16209742,张默涵,10896642613,98,65,55,76,2063
16625216,陶明,16512818334,81,51,54,62,2064
16365481,姜欣立,15121504440,72,67,49,43,2065
17729686,章玉国,13038458687,41,41,65,58,2066
17679272,赵默楠,14610900355,71,100,95,82,2067
17669474,水龙凡,19201954132,61,66,66,69,2068
16613582,金欣立,19594878746,77,87,56,69,2069
16002264,谢诗,11161934805,81,70,85,47,2070
16973563,孔明涵,11908883353,48,63,73,63,2071
16195756,谢靖,18753897201,84,97,51,77,2072
16815960,张玉涵,19804428832,68,96,70,90,2073
17807436,秦芳涵,19994448099,65,89,100,72,2074
16939508,郑靖,14321535946,69,89,54,82,2075
17666247,水欣妍,12435913376,45,42,53,73,2076
16860782,张芳玲,16532699483,73,40,98,40,2077
16572532,赵龙涵,17074040072,47,66,88,96,2078
16898670,赵欣凡,16316917825,76,80,73,50,2079
17486047,姜龙,10591988764,48,71,43,89,2080
16317723,章明,16443196926,56,41,90,85,2081
17773112,曹刚国,12281124492,47,84,73,69,2082
16731137,孔玲凡,17149842676,42,64,91,85,2083
16295560,金明楠,15372411447,40,94,91,52,2084
16059060,张刚,16842485527,60,46,59,88,2085
17838288,喻默,11825680333,88,92,73,41,2086
16159547,章玉玲,18694356143,88,95,85,93,2087
16064691,何龙,12391792594,90,86,48,75,2088
16576172,王靖涵,14022804198,50,100,50,54,2089
16519090,陶诗楠,14435046235,64,73,66,90,2090
16925407,张龙立,17365822424,60,100,89,87,2091
16104850,金明,16975734449,62,67,67,86,2092
16755337,王玲,19191597239,75,80,83,79,2093
16343462,严默立,17941820351,49,79,76,56,2094
16672112,陶龙楠,18301027439,66,61,63,50,2095
17867558,柏玲凡,15280516886,75,41,99,76,2096
17131925,金龙国,10970132887,40,91,53,53,2097
16300845,章默,16118399570,90,42,86,66,2098
17222471,戚默,10523998559,80,76,85,59,2099
16042908,喻龙,19341293117,63,43,76,70,2100
17284975,曹欣凡,12858408446,93,69,77,40,2101
17699526,窦欣涵,12862623590,57,60,84,61,2102
16639565,吕龙楠,15542290950,73,46,81,78,2103
17575365,戚诗,14804053667,75,73,92,41,2104
16108072,邹靖国,15760323772,78,99,91,47,2105
16821377,谢玲涵,15690722198,100,94,55,43,2106
17013994,喻欣玲,19925286537,87,76,89,87,2107
17675884,金军楠,18971402527,58,89,43,42,2108
17691127,邹默,17390893453,44,72,98,45,2109
16456652,秦龙,10285501468,96,91,44,65,2110
16598337,陶玲,10527010681,62,65,46,91,2111
17396671,章诗,13820370289,99,42,95,92,2112
17115880,水芳,15450769109,42,85,75,50,2113
17651934,王玲,11989935930,76,81,54,83,2114
17096526,张默,13896451611,90,92,45,90,2115
17765128,金军楠,18833487263,88,94,52,84,2116
17396864,严刚立,19985353017,73,71,61,71,2117
16884187,华刚玲,16276356285,80,58,78,76,2118
16104921,吕军玲,19793239455,89,82,69,90,2119
17166666,戚默,12981827930,60,65,98,88,2120
16812540,魏诗楠,13701470614,86,95,63,46,2121
16679261,谢欣,16943383616,90,83,80,90,2122
17883673,金默涵,11872236471,60,92,79,75,2123
17474395,张龙妍,11061396533,50,50,80,77,2124
17631243,邹龙凡,11741449560,90,97,83,91,2125
17572126,金龙,12658574536,43,99,84,90,2126
17284285,戚诗楠,17611345970,98,99,80,95,2127
17280125,戚芳立,11305643447,96,84,69,54,2128
16370748,金诗,13127033723,74,56,63,92,2129
16092219,姜明,17232999342,59,45,69,50,2130
17059829,喻刚,11313404875,89,40,55,84,2131
16780581,秦靖,16027559175,95,81,81,83,2132
17020619,曹刚,12730211566,62,96,72,83,2133
17146820,谢玉立,16115500528,63,62,97,79,2134
16617853,姜明,17940404495,49,53,49,74,2135
16870259,邹默立,12028191987,51,41,55,70,2136
16898860,姜玉,15987861911,88,47,44,50,2137
17258467,章玲楠,13395105214,53,80,46,69,2138
17126593,孔默,12074693977,85,46,64,70,2139
17511362,何军国,18737535961,79,46,56,61,2140
16963290,章军凡,15434644483,45,55,56,70,2141
17472979,金玲凡,19519233671,74,96,54,92,2142
16263059,曹靖涵,17997649312,75,72,77,46,2143
17863634,水玉,12235640333,74,45,73,76,2144
17882749,施靖,11337648648,71,100,97,43,2145
17711048,谢军楠,17326595743,98,71,62,46,2146
17645415,郑明玲,16747393800,100,92,48,69,2147
17569314,邹军,17848812622,73,85,43,85,2148
16038418,施默,12296018199,93,45,73,55,2149
17651752,戚诗妍,13772777483,58,89,73,100,2150
16288084,戚龙楠,12025449041,50,72,75,57,2151
16725261,谢靖立,17538131857,73,68,93,60,2152
16857437,谢靖凡,10997611438,68,92,76,94,2153
17689394,金欣凡,19592977825,47,60,88,58,2154
17925105,郑军楠,16711880633,86,100,66,86,2155
16702064,章靖,13253309194,88,82,81,97,2156
16681672,姜默国,15826508528,68,56,79,85,2157
16104059,王芳立,19395784594,67,88,86,52,2158
17919782,邹诗妍,19609803759,97,75,46,66,2159
16815062,曹诗涵,18235050047,100,82,42,63,2160
17234938,章玲涵,17734689172,47,63,60,67,2161
16516735,严诗,14086943244,44,80,42,55,2162
16672675,秦明楠,13716498191,85,70,67,79,2163
17042005,张默国,14137726406,65,52,85,72,2164
16663673,戚靖楠,11723444964,52,69,59,48,2165
16150795,张明,15488669659,83,84,43,68,2166
16217731,施玲,16427561125,79,98,74,74,2167
17997252,章欣凡,12260668899,92,73,97,55,2168
16574644,秦龙,14555857603,96,75,90,83,2169
17052360,王龙,18509487932,45,53,65,44,2170
17679639,吕军凡,10944824567,44,100,95,55,2171
17607553,金玲妍,12628857211,73,54,49,89,2172
17197334,金刚,14162756874,90,66,65,67,2173
123,123,132,13,123,132,123,2174
